ticker,market,pct_change,volume_vs_avg,news_tags,top_headline,days_since_earnings,sue,sue_persistence,sue_persistence_detail,pead_flag,data_check,as_of,logged_at
GPC,US,12.92,2.64,earnings,Genuine Parts (GPC) Stock Could Be A Bargain Despite Its 34% Run,54.0,0.1,Stayer (persistent),3/5 prior quarters same sign as current,"Consistent with PEAD continuation, moderate confidence (Day 54, later window, SUE=0.10, persistent SUE history)",,2026-07-02,2026-07-06T06:18:19
MRNA,US,10.01,1.25,upgrade/downgrade,"Jim Cramer Says “For the First Time in Ages, I Like Having a Position in Moderna”",47.0,0.25,Stayer (persistent),4/5 prior quarters same sign as current,"Consistent with PEAD continuation, moderate confidence (Day 47, later window, SUE=0.25, persistent SUE history)",,2026-07-02,2026-07-06T06:18:19
HONA,US,8.74,2.04,upgrade/downgrade,"Palantir, Chevron upgraded: Wall Street's top analyst calls",,,,,No recent earnings on record,,2026-07-02,2026-07-06T06:18:19
EFX,US,6.1,1.05,"earnings, M&A",Here's What to Expect From Equifax’s Next Earnings Report,54.0,1.54,Stayer (persistent),5/5 prior quarters same sign as current,"Consistent with PEAD continuation, moderate confidence (Day 54, later window, SUE=1.54, persistent SUE history)",,2026-07-02,2026-07-06T06:18:19
VRTX,US,6.03,0.72,unclassified - check headlines manually,"While SpaceX Gets the Headlines, Smart Investors Are Loading Up on This Stock Instead",44.0,0.45,Mover (inconsistent),2/5 prior quarters same sign as current,"Directionally consistent but LOW confidence (Day 44, later window, SUE=0.45) - this stock's SUE history is inconsistent (mover, not stayer) -- per Kettell et al. 2022, movers show ~no significant drift",,2026-07-02,2026-07-06T06:18:19
SPGI,US,6.01,1.1,unclassified - check headlines manually,TSMC’s AI Chip Dominance Strengthens Its Credit Outlook,49.0,0.77,Stayer (persistent),4/5 prior quarters same sign as current,"Consistent with PEAD continuation, moderate confidence (Day 49, later window, SUE=0.77, persistent SUE history)",,2026-07-02,2026-07-06T06:18:19
ISRG,US,5.87,1.12,earnings,Piper Sandler (PIPR) Stock Looks Strong On Returns Yet Above Fair Value,54.0,2.8,Stayer (persistent),5/5 prior quarters same sign as current,"Consistent with PEAD continuation, moderate confidence (Day 54, later window, SUE=2.80, persistent SUE history)",,2026-07-02,2026-07-06T06:18:19
LDOS,US,5.6,0.89,"macro/sector, product/contract",Leidos (LDOS) Stock May Be Undervalued After Health IT Contract Uncertainty,44.0,0.92,Stayer (persistent),5/5 prior quarters same sign as current,"Consistent with PEAD continuation, moderate confidence (Day 44, later window, SUE=0.92, persistent SUE history)",,2026-07-02,2026-07-06T06:18:19
NOC,US,5.59,1.39,"earnings, upgrade/downgrade, product/contract",Citi Keeps Buy Rating on Northrop Grumman (NOC),54.0,0.1,Stayer (persistent),4/5 prior quarters same sign as current,"In drift window (Day 54) - SUE near zero, ambiguous signal",,2026-07-02,2026-07-06T06:18:19
TYL,US,5.45,0.73,unclassified - check headlines manually,Tyler Technologies (TYL) Deploys Resident AI Assistant Across South Carolina Government Services,48.0,0.84,Stayer (persistent),3/5 prior quarters same sign as current,"Consistent with PEAD continuation, moderate confidence (Day 48, later window, SUE=0.84, persistent SUE history)",,2026-07-02,2026-07-06T06:18:19
AEGISVOPAK.NS,India,8.96,6.09,earnings,Aegis Vopak Terminals Ltd (NSE:AEGISVOPAK) Full Year 2026 Earnings Call Highlights: Robust ...,,,,,No recent earnings on record,,2026-07-06,2026-07-06T06:18:19
WELCORP.NS,India,6.24,3.02,"earnings, macro/sector",Welspun Living Ltd (BOM:514162) Q4 2026 Earnings Call Highlights: Strong Branded Growth Amidst ...,32.0,-0.24,Mover (inconsistent),0/5 prior quarters same sign as current,"Contradicts SUE sign (Day 32, later window, SUE=-0.24) - likely fresh catalyst",,2026-07-06,2026-07-06T06:18:19
ABDL.NS,India,5.49,1.77,earnings,Allied Blenders and Distillers Ltd (NSE:ABDL) Q4 2026 Earnings Call Highlights: Record EBITDA ...,37.0,-1.49,Mover (inconsistent),0/2 prior quarters same sign as current,"Contradicts SUE sign (Day 37, later window, SUE=-1.49) - likely fresh catalyst",,2026-07-06,2026-07-06T06:18:19
ZENTEC.NS,India,5.14,2.79,earnings,Zen Technologies Ltd (BOM:533339) Q3 2026 Earnings Call Highlights: Strong Revenue Growth and ...,,,,,No recent earnings on record,,2026-07-06,2026-07-06T06:18:19
CEMPRO.NS,India,4.87,1.05,earnings,Cemindia Projects Ltd (BOM:509496) Q4 2026 Earnings Call Highlights: Record Revenue and ...,48.0,3.6,Stayer (persistent),5/5 prior quarters same sign as current,"Consistent with PEAD continuation, moderate confidence (Day 48, later window, SUE=3.60, persistent SUE history)",,2026-07-06,2026-07-06T06:18:19
THELEELA.NS,India,4.73,2.53,M&A,"The Leela acquires ultra-luxury resort in Coorg, India",49.0,2.07,Stayer (persistent),2/2 prior quarters same sign as current,"Consistent with PEAD continuation, moderate confidence (Day 49, later window, SUE=2.07, persistent SUE history)",,2026-07-06,2026-07-06T06:18:19
RADICO.NS,India,4.7,1.65,"earnings, macro/sector",India's Officer's Choice whiskey maker bets on premium spirits despite war-linked inflation worries,43.0,0.81,Stayer (persistent),3/5 prior quarters same sign as current,"Consistent with PEAD continuation, moderate confidence (Day 43, later window, SUE=0.81, persistent SUE history)",,2026-07-06,2026-07-06T06:18:19
ADANIENSOL.NS,India,4.35,1.05,"earnings, product/contract",Energy & Utilities Roundup: Market Talk,52.0,0.12,Mover (inconsistent),0/5 prior quarters same sign as current,"Directionally consistent but LOW confidence (Day 52, later window, SUE=0.12) - this stock's SUE history is inconsistent (mover, not stayer) -- per Kettell et al. 2022, movers show ~no significant drift",,2026-07-06,2026-07-06T06:18:19
KIRLOSENG.NS,India,4.33,0.61,earnings,Kirloskar Oil Engines Ltd (BOM:533293) Q4 2026 Earnings Call Highlights: Record Growth and ...,624.0,1.64,Stayer (persistent),4/5 prior quarters same sign as current,Outside typical PEAD window (Day 624),,2026-07-06,2026-07-06T06:18:19
HFCL.NS,India,4.32,0.7,earnings,India's AI Infrastructure Winners Add $47 Billion as Sterlite Jumps 500%,1928.0,0.15,Mover (inconsistent),2/5 prior quarters same sign as current,Outside typical PEAD window (Day 1928),,2026-07-06,2026-07-06T06:18:19
GPC,US,12.92,2.64,earnings,Genuine Parts (GPC) Stock Could Be A Bargain Despite Its 34% Run,54.0,0.102,Stayer (persistent),3/5 prior quarters same sign as current,"Consistent with PEAD continuation, moderate confidence (Day 54, later window, SUE=0.10, persistent SUE history)",,2026-07-02,2026-07-06T10:42:00
MRNA,US,10.01,1.25,"upgrade/downgrade, macro/sector",US Stock Market Today: S&P 500 Futures Rise As Inflation Jitters Temporarily Ease,47.0,1.388,Stayer (persistent),4/5 prior quarters same sign as current,"Consistent with PEAD continuation, moderate confidence (Day 47, later window, SUE=1.39, persistent SUE history)",,2026-07-02,2026-07-06T10:42:00
HONA,US,8.74,2.04,upgrade/downgrade,"Palantir, Chevron upgraded: Wall Street's top analyst calls",,,,,No recent earnings on record,,2026-07-02,2026-07-06T10:42:00
EFX,US,6.1,1.05,"earnings, M&A",Here's What to Expect From Equifax’s Next Earnings Report,54.0,1.542,Stayer (persistent),5/5 prior quarters same sign as current,"Consistent with PEAD continuation, moderate confidence (Day 54, later window, SUE=1.54, persistent SUE history)",,2026-07-02,2026-07-06T10:42:00
VRTX,US,6.03,0.72,unclassified - check headlines manually,"While SpaceX Gets the Headlines, Smart Investors Are Loading Up on This Stock Instead",44.0,0.45,Mover (inconsistent),2/5 prior quarters same sign as current,"Directionally consistent but LOW confidence (Day 44, later window, SUE=0.45) - this stock's SUE history is inconsistent (mover, not stayer) -- per Kettell et al. 2022, movers show ~no significant drift",,2026-07-02,2026-07-06T10:42:00
SPGI,US,6.01,1.1,unclassified - check headlines manually,TSMC’s AI Chip Dominance Strengthens Its Credit Outlook,49.0,0.773,Stayer (persistent),4/5 prior quarters same sign as current,"Consistent with PEAD continuation, moderate confidence (Day 49, later window, SUE=0.77, persistent SUE history)",,2026-07-02,2026-07-06T10:42:00
ISRG,US,5.87,1.12,earnings,Piper Sandler (PIPR) Stock Looks Strong On Returns Yet Above Fair Value,54.0,2.804,Stayer (persistent),5/5 prior quarters same sign as current,"Consistent with PEAD continuation, moderate confidence (Day 54, later window, SUE=2.80, persistent SUE history)",,2026-07-02,2026-07-06T10:42:00
LDOS,US,5.6,0.89,"macro/sector, product/contract",Leidos (LDOS) Stock May Be Undervalued After Health IT Contract Uncertainty,44.0,0.924,Stayer (persistent),5/5 prior quarters same sign as current,"Consistent with PEAD continuation, moderate confidence (Day 44, later window, SUE=0.92, persistent SUE history)",,2026-07-02,2026-07-06T10:42:00
NOC,US,5.59,1.39,"earnings, upgrade/downgrade, product/contract",Citi Keeps Buy Rating on Northrop Grumman (NOC),54.0,0.098,Stayer (persistent),4/5 prior quarters same sign as current,"In drift window (Day 54) - SUE near zero, ambiguous signal",,2026-07-02,2026-07-06T10:42:00
TYL,US,5.45,0.73,unclassified - check headlines manually,Tyler Technologies (TYL) Deploys Resident AI Assistant Across South Carolina Government Services,48.0,0.836,Stayer (persistent),3/5 prior quarters same sign as current,"Consistent with PEAD continuation, moderate confidence (Day 48, later window, SUE=0.84, persistent SUE history)",,2026-07-02,2026-07-06T10:42:00
AEGISVOPAK.NS,India,8.76,8.53,earnings,Aegis Vopak Terminals Ltd (NSE:AEGISVOPAK) Full Year 2026 Earnings Call Highlights: Robust ...,,,,,No recent earnings on record,,2026-07-06,2026-07-06T10:42:00
SWANCORP.NS,India,7.3,10.96,unclassified - check headlines manually,(no headline found),3436.0,-1.277,Insufficient history,Fewer than 2 prior quarters with usable SUE data,Outside typical PEAD window (Day 3436),,2026-07-06,2026-07-06T10:42:00
ABDL.NS,India,7.26,7.75,earnings,Allied Blenders and Distillers Ltd (NSE:ABDL) Q4 2026 Earnings Call Highlights: Record EBITDA ...,37.0,-1.49,Mover (inconsistent),0/2 prior quarters same sign as current,"Contradicts SUE sign (Day 37, later window, SUE=-1.49) - likely fresh catalyst",,2026-07-06,2026-07-06T10:42:00
WELCORP.NS,India,7.25,7.89,"earnings, macro/sector",Welspun Living Ltd (BOM:514162) Q4 2026 Earnings Call Highlights: Strong Branded Growth Amidst ...,32.0,-0.239,Mover (inconsistent),0/5 prior quarters same sign as current,"Contradicts SUE sign (Day 32, later window, SUE=-0.24) - likely fresh catalyst",,2026-07-06,2026-07-06T10:42:00
DIXON.NS,India,6.81,3.14,earnings,Dixon Technologies (India) Ltd (BOM:540699) Q4 2026 Earnings Call Highlights: Strong Annual ...,39.0,1.002,Stayer (persistent),4/5 prior quarters same sign as current,"Consistent with PEAD continuation, moderate confidence (Day 39, later window, SUE=1.00, persistent SUE history)",,2026-07-06,2026-07-06T10:42:00
AEGISLOG.NS,India,6.32,1.06,earnings,Aegis Logistics Ltd (BOM:500003) Q4 2026 Earnings Call Highlights: Record Profit Milestone and ...,26.0,3.832,Stayer (persistent),3/5 prior quarters same sign as current,"Consistent with PEAD continuation, moderate confidence (Day 26, later window, SUE=3.83, persistent SUE history)",,2026-07-06,2026-07-06T10:42:00
ZENTEC.NS,India,6.07,4.6,earnings,Zen Technologies Ltd (BOM:533339) Q3 2026 Earnings Call Highlights: Strong Revenue Growth and ...,,,,,No recent earnings on record,,2026-07-06,2026-07-06T10:42:00
THELEELA.NS,India,5.57,5.46,M&A,"The Leela acquires ultra-luxury resort in Coorg, India",49.0,2.065,Stayer (persistent),2/2 prior quarters same sign as current,"Consistent with PEAD continuation, moderate confidence (Day 49, later window, SUE=2.07, persistent SUE history)",,2026-07-06,2026-07-06T10:42:00
RADICO.NS,India,5.51,3.01,"earnings, macro/sector",India's Officer's Choice whiskey maker bets on premium spirits despite war-linked inflation worries,43.0,0.815,Stayer (persistent),3/5 prior quarters same sign as current,"Consistent with PEAD continuation, moderate confidence (Day 43, later window, SUE=0.81, persistent SUE history)",,2026-07-06,2026-07-06T10:42:00
MANAPPURAM.NS,India,5.45,3.26,"earnings, macro/sector, product/contract",Indian gold-loan financier Muthoot Finance's profit doubles on strong loan growth,44.0,-0.618,Stayer (persistent),5/5 prior quarters same sign as current,"Contradicts SUE sign (Day 44, later window, SUE=-0.62) - likely fresh catalyst",,2026-07-06,2026-07-06T10:42:00
GPC,US,12.92,2.64,earnings,Genuine Parts (GPC) Stock Could Be A Bargain Despite Its 34% Run,54.0,0.102,Stayer (persistent),3/5 prior quarters same sign as current,"Consistent with PEAD continuation, moderate confidence (Day 54, later window, SUE=0.10, persistent SUE history)",,2026-07-02,2026-07-06T10:49:37
MRNA,US,10.01,1.25,"upgrade/downgrade, macro/sector",US Stock Market Today: S&P 500 Futures Rise As Inflation Jitters Temporarily Ease,47.0,0.247,Stayer (persistent),4/5 prior quarters same sign as current,"Consistent with PEAD continuation, moderate confidence (Day 47, later window, SUE=0.25, persistent SUE history)",,2026-07-02,2026-07-06T10:49:37
HONA,US,8.74,2.04,upgrade/downgrade,"Palantir, Chevron upgraded: Wall Street's top analyst calls",,,,,No recent earnings on record,,2026-07-02,2026-07-06T10:49:37
EFX,US,6.1,1.05,"earnings, M&A",Here's What to Expect From Equifax’s Next Earnings Report,54.0,1.542,Stayer (persistent),5/5 prior quarters same sign as current,"Consistent with PEAD continuation, moderate confidence (Day 54, later window, SUE=1.54, persistent SUE history)",,2026-07-02,2026-07-06T10:49:37
VRTX,US,6.03,0.72,unclassified - check headlines manually,"While SpaceX Gets the Headlines, Smart Investors Are Loading Up on This Stock Instead",44.0,0.45,Mover (inconsistent),2/5 prior quarters same sign as current,"Directionally consistent but LOW confidence (Day 44, later window, SUE=0.45) - this stock's SUE history is inconsistent (mover, not stayer) -- per Kettell et al. 2022, movers show ~no significant drift",,2026-07-02,2026-07-06T10:49:37
SPGI,US,6.01,1.1,unclassified - check headlines manually,TSMC’s AI Chip Dominance Strengthens Its Credit Outlook,49.0,0.773,Stayer (persistent),4/5 prior quarters same sign as current,"Consistent with PEAD continuation, moderate confidence (Day 49, later window, SUE=0.77, persistent SUE history)",,2026-07-02,2026-07-06T10:49:37
ISRG,US,5.87,1.12,earnings,Piper Sandler (PIPR) Stock Looks Strong On Returns Yet Above Fair Value,54.0,2.804,Stayer (persistent),5/5 prior quarters same sign as current,"Consistent with PEAD continuation, moderate confidence (Day 54, later window, SUE=2.80, persistent SUE history)",,2026-07-02,2026-07-06T10:49:37
LDOS,US,5.6,0.89,"macro/sector, product/contract",Leidos (LDOS) Stock May Be Undervalued After Health IT Contract Uncertainty,44.0,0.924,Stayer (persistent),5/5 prior quarters same sign as current,"Consistent with PEAD continuation, moderate confidence (Day 44, later window, SUE=0.92, persistent SUE history)",,2026-07-02,2026-07-06T10:49:37
NOC,US,5.59,1.39,"earnings, upgrade/downgrade, product/contract",Citi Keeps Buy Rating on Northrop Grumman (NOC),54.0,0.098,Stayer (persistent),4/5 prior quarters same sign as current,"In drift window (Day 54) - SUE near zero, ambiguous signal",,2026-07-02,2026-07-06T10:49:37
TYL,US,5.45,0.73,unclassified - check headlines manually,Tyler Technologies (TYL) Deploys Resident AI Assistant Across South Carolina Government Services,48.0,0.836,Stayer (persistent),3/5 prior quarters same sign as current,"Consistent with PEAD continuation, moderate confidence (Day 48, later window, SUE=0.84, persistent SUE history)",,2026-07-02,2026-07-06T10:49:37
AEGISVOPAK.NS,India,8.76,8.53,earnings,Aegis Vopak Terminals Ltd (NSE:AEGISVOPAK) Full Year 2026 Earnings Call Highlights: Robust ...,,,,,No recent earnings on record,,2026-07-06,2026-07-06T10:49:37
SWANCORP.NS,India,7.3,10.96,unclassified - check headlines manually,(no headline found),3436.0,-1.277,Insufficient history,Fewer than 2 prior quarters with usable SUE data,Outside typical PEAD window (Day 3436),,2026-07-06,2026-07-06T10:49:37
ABDL.NS,India,7.26,7.75,earnings,Allied Blenders and Distillers Ltd (NSE:ABDL) Q4 2026 Earnings Call Highlights: Record EBITDA ...,37.0,-1.49,Mover (inconsistent),0/2 prior quarters same sign as current,"Contradicts SUE sign (Day 37, later window, SUE=-1.49) - likely fresh catalyst",,2026-07-06,2026-07-06T10:49:37
WELCORP.NS,India,7.25,7.89,"earnings, macro/sector",Welspun Living Ltd (BOM:514162) Q4 2026 Earnings Call Highlights: Strong Branded Growth Amidst ...,32.0,-0.239,Mover (inconsistent),0/5 prior quarters same sign as current,"Contradicts SUE sign (Day 32, later window, SUE=-0.24) - likely fresh catalyst",,2026-07-06,2026-07-06T10:49:37
DIXON.NS,India,6.81,3.14,earnings,Dixon Technologies (India) Ltd (BOM:540699) Q4 2026 Earnings Call Highlights: Strong Annual ...,39.0,1.002,Stayer (persistent),4/5 prior quarters same sign as current,"Consistent with PEAD continuation, moderate confidence (Day 39, later window, SUE=1.00, persistent SUE history)",,2026-07-06,2026-07-06T10:49:37
AEGISLOG.NS,India,6.32,1.06,earnings,Aegis Logistics Ltd (BOM:500003) Q4 2026 Earnings Call Highlights: Record Profit Milestone and ...,26.0,3.832,Stayer (persistent),3/5 prior quarters same sign as current,"Consistent with PEAD continuation, moderate confidence (Day 26, later window, SUE=3.83, persistent SUE history)",,2026-07-06,2026-07-06T10:49:37
ZENTEC.NS,India,6.07,4.6,earnings,Zen Technologies Ltd (BOM:533339) Q3 2026 Earnings Call Highlights: Strong Revenue Growth and ...,,,,,No recent earnings on record,,2026-07-06,2026-07-06T10:49:37
THELEELA.NS,India,5.57,5.46,M&A,"The Leela acquires ultra-luxury resort in Coorg, India",49.0,2.065,Stayer (persistent),2/2 prior quarters same sign as current,"Consistent with PEAD continuation, moderate confidence (Day 49, later window, SUE=2.07, persistent SUE history)",,2026-07-06,2026-07-06T10:49:37
RADICO.NS,India,5.51,3.01,"earnings, macro/sector",India's Officer's Choice whiskey maker bets on premium spirits despite war-linked inflation worries,43.0,0.815,Stayer (persistent),3/5 prior quarters same sign as current,"Consistent with PEAD continuation, moderate confidence (Day 43, later window, SUE=0.81, persistent SUE history)",,2026-07-06,2026-07-06T10:49:37
MANAPPURAM.NS,India,5.45,3.26,"earnings, macro/sector, product/contract",Indian gold-loan financier Muthoot Finance's profit doubles on strong loan growth,44.0,-0.618,Stayer (persistent),5/5 prior quarters same sign as current,"Contradicts SUE sign (Day 44, later window, SUE=-0.62) - likely fresh catalyst",,2026-07-06,2026-07-06T10:49:37
ANET,US,8.31,0.94,unclassified - check headlines manually,The Wide-Open Possibilities The Options Market Sees In Cisco Stock,44.0,2.265,Stayer (persistent),5/5 prior quarters same sign as current,"Consistent with PEAD continuation, moderate confidence (Day 44, later window, SUE=2.27, persistent SUE history)",,2026-07-06,2026-07-06T22:23:30
WDC,US,7.14,0.6,earnings,"Stock Market Today: Dow Up, AI Stock Tests Entry; SpaceX Tumbles As Elon Musk Makes This Boast (Live Coverage)",47.0,1.628,Stayer (persistent),4/5 prior quarters same sign as current,"Consistent with PEAD continuation, moderate confidence (Day 47, later window, SUE=1.63, persistent SUE history)",,2026-07-06,2026-07-06T22:23:30
TSLA,US,6.69,1.07,macro/sector,"Stock market today: Dow posts record, S&P 500 and Nasdaq rally on revived AI optimism",53.0,0.582,Mover (inconsistent),1/5 prior quarters same sign as current,"Directionally consistent but LOW confidence (Day 53, later window, SUE=0.58) - this stock's SUE history is inconsistent (mover, not stayer) -- per Kettell et al. 2022, movers show ~no significant drift",,2026-07-06,2026-07-06T22:23:30
AMD,US,6.61,0.95,"upgrade/downgrade, macro/sector",Tech stocks on track for record annual inflows as investors pile into the AI trade,44.0,1.25,Stayer (persistent),3/5 prior quarters same sign as current,"Consistent with PEAD continuation, moderate confidence (Day 44, later window, SUE=1.25, persistent SUE history)",,2026-07-06,2026-07-06T22:23:30
NTAP,US,6.08,1.08,upgrade/downgrade,"Okta upgraded, Datadog downgraded: Wall Street's top analyst calls",27.0,1.782,Stayer (persistent),4/5 prior quarters same sign as current,"Consistent with PEAD continuation, moderate confidence (Day 27, later window, SUE=1.78, persistent SUE history)",,2026-07-06,2026-07-06T22:23:30
VRT,US,5.97,0.73,unclassified - check headlines manually,What Vertiv Stock Was Saying About The AI Factory Build-Out,53.0,1.741,Stayer (persistent),5/5 prior quarters same sign as current,"Consistent with PEAD continuation, moderate confidence (Day 53, later window, SUE=1.74, persistent SUE history)",,2026-07-06,2026-07-06T22:23:30
STX,US,5.86,0.61,upgrade/downgrade,"Seagate, Semtech, and Teradyne Stocks Trade Up, What You Need To Know",49.0,2.783,Stayer (persistent),5/5 prior quarters same sign as current,"Consistent with PEAD continuation, moderate confidence (Day 49, later window, SUE=2.78, persistent SUE history)",,2026-07-06,2026-07-06T22:23:30
QCOM,US,5.8,0.62,regulatory/legal,"Update: Dow Crosses 53,000, Nasdaq Rebounds as Tech Advances",48.0,0.76,Stayer (persistent),5/5 prior quarters same sign as current,"Consistent with PEAD continuation, moderate confidence (Day 48, later window, SUE=0.76, persistent SUE history)",,2026-07-06,2026-07-06T22:23:30
PCAR,US,5.36,1.2,earnings,The Engine Driving Caterpillar's Run Isn't In A Bulldozer,49.0,-0.047,Stayer (persistent),3/5 prior quarters same sign as current,"In drift window (Day 49) - SUE near zero, ambiguous signal",,2026-07-06,2026-07-06T22:23:30
IBKR,US,5.1,0.86,regulatory/legal,"Robinhood, Dell Lead 5 Stocks Near Buy Points With AI Tailwinds",54.0,0.0,Mover (inconsistent),0/5 prior quarters same sign as current,"In drift window (Day 54) - SUE near zero, ambiguous signal",,2026-07-06,2026-07-06T22:23:30
SUMICHEM.NS,India,13.85,0.84,earnings,Sumitomo Chemical India Ltd (BOM:542920) Q4 2026 Earnings Call Highlights: Record Profitability ...,29.0,0.089,Stayer (persistent),3/5 prior quarters same sign as current,"In drift window (Day 29) - SUE near zero, ambiguous signal",,2026-07-03,2026-07-06T22:23:30
ZENSARTECH.NS,India,10.43,0.65,earnings,Zensar Technologies Ltd (BOM:504067) Q3 2026 Earnings Call Highlights: Navigating Growth Amidst ...,51.0,1.007,Stayer (persistent),5/5 prior quarters same sign as current,"Consistent with PEAD continuation, moderate confidence (Day 51, later window, SUE=1.01, persistent SUE history)",,2026-07-03,2026-07-06T22:23:30
AEGISVOPAK.NS,India,9.67,8.53,earnings,Aegis Vopak Terminals Ltd (NSE:AEGISVOPAK) Full Year 2026 Earnings Call Highlights: Robust ...,,,,,No recent earnings on record,,2026-07-03,2026-07-06T22:23:30
ECLERX.NS,India,7.01,0.75,earnings,eClerx Services Ltd (BOM:532927) Q4 2026 Earnings Call Highlights: Strong Financial Performance ...,38.0,-2.181,Mover (inconsistent),1/5 prior quarters same sign as current,"Contradicts SUE sign (Day 38, later window, SUE=-2.18) - likely fresh catalyst",,2026-07-03,2026-07-06T22:23:30
HCLTECH.NS,India,5.65,0.59,"earnings, product/contract","Indian IT firms face muted Q1 as AI shift, weak demand weigh",54.0,-0.966,Stayer (persistent),4/5 prior quarters same sign as current,"Contradicts SUE sign (Day 54, later window, SUE=-0.97) - likely fresh catalyst",,2026-07-03,2026-07-06T22:23:30
KAYNES.NS,India,5.55,0.98,earnings,Kaynes Technology India Ltd (BOM:543664) Q4 2026 Earnings Call Highlights: Strong Revenue ...,38.0,-2.595,Mover (inconsistent),2/5 prior quarters same sign as current,"Contradicts SUE sign (Day 38, later window, SUE=-2.60) - likely fresh catalyst",,2026-07-03,2026-07-06T22:23:30
LODHA.NS,India,5.05,1.68,earnings,Lodha Developers Ltd (BOM:543287) Q4 2026 Earnings Call Highlights: Strong Presales and ...,51.0,-1.155,Stayer (persistent),4/5 prior quarters same sign as current,"Contradicts SUE sign (Day 51, later window, SUE=-1.15) - likely fresh catalyst",,2026-07-03,2026-07-06T22:23:30
M&MFIN.NS,India,5.05,0.91,"earnings, macro/sector",Indian firms turn to floating-rate debt as interest rate hikes loom,23.0,0.316,Stayer (persistent),5/5 prior quarters same sign as current,"Consistent with PEAD continuation, moderate confidence (Day 23, later window, SUE=0.32, persistent SUE history)",,2026-07-03,2026-07-06T22:23:30
HFCL.NS,India,4.83,1.22,earnings,India's AI Infrastructure Winners Add $47 Billion as Sterlite Jumps 500%,1928.0,0.151,Mover (inconsistent),2/5 prior quarters same sign as current,Outside typical PEAD window (Day 1928),,2026-07-03,2026-07-06T22:23:30
NATIONALUM.NS,India,4.62,0.51,"earnings, product/contract","Four Indian stocks added, four excluded from key global index in MSCI's May rejig",47.0,-0.378,Mover (inconsistent),0/5 prior quarters same sign as current,"Contradicts SUE sign (Day 47, later window, SUE=-0.38) - likely fresh catalyst",,2026-07-03,2026-07-06T22:23:30
CTSH,US,6.21,0.77,"earnings, macro/sector","US Equity Markets Lower as Semiconductor Stocks Fall, Crude Oil Prices Rise",49.0,0.996,Stayer (persistent),5/5 prior quarters same sign as current,"Consistent with PEAD continuation, moderate confidence (Day 49, later window, SUE=1.00, persistent SUE history)",,2026-07-07,2026-07-07T22:20:05
OXY,US,5.88,1.28,earnings,Occidental Petroleum Corporation (OXY) is Attracting Investor Attention: Here is What You Should Know,44.0,2.556,Stayer (persistent),5/5 prior quarters same sign as current,"Consistent with PEAD continuation, moderate confidence (Day 44, later window, SUE=2.56, persistent SUE history)",,2026-07-07,2026-07-07T22:20:05
CBOE,US,5.53,0.82,"earnings, product/contract","Up 14.81% in a Year, COWZ Proves You Don’t Need Apple",47.0,4.055,Stayer (persistent),4/5 prior quarters same sign as current,"Consistent with PEAD continuation, moderate confidence (Day 47, later window, SUE=4.05, persistent SUE history)",,2026-07-07,2026-07-07T22:20:05
GILD,US,5.21,1.0,"upgrade/downgrade, product/contract",Jim Cramer Calls Biotech “The Hottest Group in the Market” as He Predicts “Deals Are Going to Be Flooding the Market”,43.0,0.354,Stayer (persistent),5/5 prior quarters same sign as current,"Consistent with PEAD continuation, moderate confidence (Day 43, later window, SUE=0.35, persistent SUE history)",,2026-07-07,2026-07-07T22:20:05
DVN,US,5.08,1.18,unclassified - check headlines manually,Devon Energy Corporation (DVN) Is a Trending Stock: Facts to Know Before Betting on It,44.0,-0.639,Stayer (persistent),3/5 prior quarters same sign as current,"Contradicts SUE sign (Day 44, later window, SUE=-0.64) - likely fresh catalyst",,2026-07-07,2026-07-07T22:20:05
DOW,US,4.79,1.0,"earnings, product/contract",Can DOW's Strong Liquidity Drive Future Growth and Returns?,53.0,1.164,Stayer (persistent),3/5 prior quarters same sign as current,"Consistent with PEAD continuation, moderate confidence (Day 53, later window, SUE=1.16, persistent SUE history)",,2026-07-07,2026-07-07T22:20:05
APA,US,4.74,1.08,upgrade/downgrade,2 Cash-Producing Stocks with Exciting Potential and 1 Facing Challenges,44.0,1.42,Stayer (persistent),4/5 prior quarters same sign as current,"Consistent with PEAD continuation, moderate confidence (Day 44, later window, SUE=1.42, persistent SUE history)",,2026-07-07,2026-07-07T22:20:05
COP,US,4.69,0.89,earnings,"Up 14.81% in a Year, COWZ Proves You Don’t Need Apple",48.0,1.392,Stayer (persistent),4/5 prior quarters same sign as current,"Consistent with PEAD continuation, moderate confidence (Day 48, later window, SUE=1.39, persistent SUE history)",,2026-07-07,2026-07-07T22:20:05
GDDY,US,4.33,0.83,earnings,Exclusive-World's biggest domain seller fears India's fake site crackdown could damage internet,48.0,0.039,Mover (inconsistent),2/5 prior quarters same sign as current,"In drift window (Day 48) - SUE near zero, ambiguous signal",,2026-07-07,2026-07-07T22:20:05
IT,US,4.21,0.96,unclassified - check headlines manually,Agentic AI to disrupt $234B in SaaS spending: Gartner,44.0,0.942,Stayer (persistent),5/5 prior quarters same sign as current,"Consistent with PEAD continuation, moderate confidence (Day 44, later window, SUE=0.94, persistent SUE history)",,2026-07-07,2026-07-07T22:20:05
AEGISVOPAK.NS,India,8.76,4.79,earnings,Aegis Vopak Terminals Ltd (NSE:AEGISVOPAK) Full Year 2026 Earnings Call Highlights: Robust ...,,,,,No recent earnings on record,,2026-07-06,2026-07-07T22:20:05
SWANCORP.NS,India,7.3,1.26,unclassified - check headlines manually,(no headline found),3436.0,-1.277,Insufficient history,Fewer than 2 prior quarters with usable SUE data,Outside typical PEAD window (Day 3436),,2026-07-06,2026-07-07T22:20:05
ABDL.NS,India,7.26,0.77,earnings,Allied Blenders and Distillers Ltd (NSE:ABDL) Q4 2026 Earnings Call Highlights: Record EBITDA ...,38.0,-1.49,Mover (inconsistent),0/2 prior quarters same sign as current,"Contradicts SUE sign (Day 38, later window, SUE=-1.49) - likely fresh catalyst",,2026-07-06,2026-07-07T22:20:05
WELCORP.NS,India,7.25,0.49,"earnings, macro/sector",Welspun Living Ltd (BOM:514162) Q4 2026 Earnings Call Highlights: Strong Branded Growth Amidst ...,33.0,-0.239,Mover (inconsistent),0/5 prior quarters same sign as current,"Contradicts SUE sign (Day 33, later window, SUE=-0.24) - likely fresh catalyst",,2026-07-06,2026-07-07T22:20:05
DIXON.NS,India,6.81,1.65,earnings,Dixon Technologies (India) Ltd (BOM:540699) Q4 2026 Earnings Call Highlights: Strong Annual ...,39.0,1.002,Stayer (persistent),4/5 prior quarters same sign as current,"Consistent with PEAD continuation, moderate confidence (Day 39, later window, SUE=1.00, persistent SUE history)",,2026-07-06,2026-07-07T22:20:05
AEGISLOG.NS,India,6.32,0.89,earnings,Aegis Logistics Ltd (BOM:500003) Q4 2026 Earnings Call Highlights: Record Profit Milestone and ...,27.0,3.832,Stayer (persistent),3/5 prior quarters same sign as current,"Consistent with PEAD continuation, moderate confidence (Day 27, later window, SUE=3.83, persistent SUE history)",,2026-07-06,2026-07-07T22:20:05
ZENTEC.NS,India,6.07,1.44,earnings,Zen Technologies Ltd (BOM:533339) Q3 2026 Earnings Call Highlights: Strong Revenue Growth and ...,,,,,No recent earnings on record,,2026-07-06,2026-07-07T22:20:05
THELEELA.NS,India,5.57,0.65,M&A,"The Leela acquires ultra-luxury resort in Coorg, India",49.0,2.065,Stayer (persistent),2/2 prior quarters same sign as current,"Consistent with PEAD continuation, moderate confidence (Day 49, later window, SUE=2.07, persistent SUE history)",,2026-07-06,2026-07-07T22:20:05
RADICO.NS,India,5.51,1.66,"earnings, macro/sector",India's Officer's Choice whiskey maker bets on premium spirits despite war-linked inflation worries,44.0,0.815,Stayer (persistent),3/5 prior quarters same sign as current,"Consistent with PEAD continuation, moderate confidence (Day 44, later window, SUE=0.81, persistent SUE history)",,2026-07-06,2026-07-07T22:20:05
MANAPPURAM.NS,India,5.45,0.8,"earnings, macro/sector, product/contract",Indian gold-loan financier Muthoot Finance's profit doubles on strong loan growth,45.0,-1.15,Stayer (persistent),5/5 prior quarters same sign as current,"Contradicts SUE sign (Day 45, later window, SUE=-1.15) - likely fresh catalyst",,2026-07-06,2026-07-07T22:20:05
AKAM,US,10.67,1.69,product/contract,DigitalOcean's Big Promotion Ends In A Bruise,44.0,0.162,Stayer (persistent),5/5 prior quarters same sign as current,"Consistent with PEAD continuation, moderate confidence (Day 44, later window, SUE=0.16, persistent SUE history)",,2026-07-08,2026-07-08T22:16:30
ANET,US,8.76,1.31,product/contract,"Dow Jones Futures: Oil Spikes On Iran News, But Nvidia, Valero, Dell Rise; SpaceX Hits New Low",45.0,2.265,Stayer (persistent),5/5 prior quarters same sign as current,"Consistent with PEAD continuation, moderate confidence (Day 45, later window, SUE=2.27, persistent SUE history)",,2026-07-08,2026-07-08T22:16:30
SMCI,US,7.31,0.7,product/contract,Why Super Micro Computer Fell Over 36% in June,45.0,2.897,Stayer (persistent),3/5 prior quarters same sign as current,"Consistent with PEAD continuation, moderate confidence (Day 45, later window, SUE=2.90, persistent SUE history)",,2026-07-08,2026-07-08T22:16:30
SNDK,US,6.77,0.91,"earnings, macro/sector",AI memory stocks trim losses as investors buy the dip,49.0,2.369,Stayer (persistent),4/4 prior quarters same sign as current,"Consistent with PEAD continuation, moderate confidence (Day 49, later window, SUE=2.37, persistent SUE history)",,2026-07-08,2026-07-08T22:16:30
VLO,US,6.26,0.94,macro/sector,"Dow Jones Futures: Oil Spikes On Iran News, But Nvidia, Valero, Dell Rise; SpaceX Hits New Low",49.0,2.442,Stayer (persistent),5/5 prior quarters same sign as current,"Consistent with PEAD continuation, moderate confidence (Day 49, later window, SUE=2.44, persistent SUE history)",,2026-07-08,2026-07-08T22:16:30
BKR,US,5.71,1.5,macro/sector,Sector Update: Energy Stocks Gain Late Afternoon,54.0,1.185,Stayer (persistent),5/5 prior quarters same sign as current,"Consistent with PEAD continuation, moderate confidence (Day 54, later window, SUE=1.19, persistent SUE history)",,2026-07-08,2026-07-08T22:16:30
MPC,US,5.39,1.01,regulatory/legal,CVX Handed Shareholders $115 Bil In Five Years,45.0,1.695,Stayer (persistent),4/5 prior quarters same sign as current,"Consistent with PEAD continuation, moderate confidence (Day 45, later window, SUE=1.69, persistent SUE history)",,2026-07-08,2026-07-08T22:16:30
CIEN,US,5.27,0.5,unclassified - check headlines manually,(no headline found),24.0,1.317,Stayer (persistent),4/5 prior quarters same sign as current,"Consistent with PEAD continuation, moderate confidence (Day 24, later window, SUE=1.32, persistent SUE history)",,2026-07-08,2026-07-08T22:16:30
CASY,US,5.13,1.07,earnings,Casey’s shuffles leadership team as new 3-year growth plan begins,20.0,2.761,Stayer (persistent),5/5 prior quarters same sign as current,"Consistent with PEAD continuation, moderate confidence (Day 20, later window, SUE=2.76, persistent SUE history)",,2026-07-08,2026-07-08T22:16:30
PSX,US,5.02,0.98,macro/sector,CVX Handed Shareholders $115 Bil In Five Years,49.0,1.812,Stayer (persistent),4/5 prior quarters same sign as current,"Consistent with PEAD continuation, moderate confidence (Day 49, later window, SUE=1.81, persistent SUE history)",,2026-07-08,2026-07-08T22:16:30
NAUKRI.NS,India,13.1,3.25,earnings,Info Edge (India) Ltd (BOM:532777) Q4 2026 Earnings Call Highlights: Strong Revenue Growth and ...,33.0,0.942,Mover (inconsistent),2/5 prior quarters same sign as current,"Directionally consistent but LOW confidence (Day 33, later window, SUE=0.94) - this stock's SUE history is inconsistent (mover, not stayer) -- per Kettell et al. 2022, movers show ~no significant drift",,2026-07-07,2026-07-08T22:16:30
PWL.NS,India,10.13,7.47,earnings,PhysicsWallah Ltd (NSE:PWL) Q4 2026 Earnings Call Highlights: Strong Revenue Growth and ...,29.0,0.943,Insufficient history,Fewer than 2 prior quarters with usable SUE data,"Consistent with PEAD continuation, low confidence (Day 29, later window, SUE=0.94, insufficient history to assess persistence)",,2026-07-07,2026-07-08T22:16:30
RITES.NS,India,8.92,0.43,earnings,RITES Ltd (NSE:RITES) Q4 2026 Earnings Call Highlights: Record Order Book and Strategic Growth ...,35.0,0.879,Mover (inconsistent),2/5 prior quarters same sign as current,"Directionally consistent but LOW confidence (Day 35, later window, SUE=0.88) - this stock's SUE history is inconsistent (mover, not stayer) -- per Kettell et al. 2022, movers show ~no significant drift",,2026-07-07,2026-07-08T22:16:30
SWIGGY.NS,India,7.21,3.11,unclassified - check headlines manually,"Amazon, Flipkart Push Wipes $15 Billion Off India's Quick-Commerce Leaders",43.0,0.223,Mover (inconsistent),0/5 prior quarters same sign as current,"Directionally consistent but LOW confidence (Day 43, later window, SUE=0.22) - this stock's SUE history is inconsistent (mover, not stayer) -- per Kettell et al. 2022, movers show ~no significant drift",,2026-07-07,2026-07-08T22:16:30
NATCOPHARM.NS,India,5.6,1.48,"earnings, macro/sector, product/contract",Natco Pharma Ltd (BOM:524816) Q4 2026 Earnings Call Highlights: Navigating Revenue Declines and ...,28.0,1.295,Mover (inconsistent),1/5 prior quarters same sign as current,"Directionally consistent but LOW confidence (Day 28, later window, SUE=1.30) - this stock's SUE history is inconsistent (mover, not stayer) -- per Kettell et al. 2022, movers show ~no significant drift",,2026-07-07,2026-07-08T22:16:30
LATENTVIEW.NS,India,5.3,0.47,unclassified - check headlines manually,(no headline found),37.0,-0.587,Mover (inconsistent),2/5 prior quarters same sign as current,"Contradicts SUE sign (Day 37, later window, SUE=-0.59) - likely fresh catalyst",,2026-07-07,2026-07-08T22:16:30
AEGISVOPAK.NS,India,5.13,1.27,earnings,Aegis Vopak Terminals Ltd (NSE:AEGISVOPAK) Full Year 2026 Earnings Call Highlights: Robust ...,,,,,No recent earnings on record,,2026-07-07,2026-07-08T22:16:30
SUNDARMFIN.NS,India,3.97,1.57,unclassified - check headlines manually,(no headline found),31.0,0.073,Stayer (persistent),4/5 prior quarters same sign as current,"In drift window (Day 31) - SUE near zero, ambiguous signal",,2026-07-07,2026-07-08T22:16:30
JUBLFOOD.NS,India,3.81,2.69,earnings,Jubilant Foodworks Ltd (BOM:533155) Q4 2026 Earnings Call Highlights: Strategic Expansion Amid ...,34.0,-0.108,Mover (inconsistent),2/5 prior quarters same sign as current,"Contradicts SUE sign (Day 34, later window, SUE=-0.11) - likely fresh catalyst",,2026-07-07,2026-07-08T22:16:30
HAVELLS.NS,India,3.68,2.86,earnings,Havells India Ltd (BOM:517354) Q4 2026 Earnings Call Highlights: Strategic Investments and ...,54.0,2.775,Mover (inconsistent),1/5 prior quarters same sign as current,"Directionally consistent but LOW confidence (Day 54, later window, SUE=2.78) - this stock's SUE history is inconsistent (mover, not stayer) -- per Kettell et al. 2022, movers show ~no significant drift",,2026-07-07,2026-07-08T22:16:30
LITE,US,11.13,1.14,unclassified - check headlines manually,"Lumentum, Sandisk, Applied Materials, AstraZeneca, and More Stocks That Explain Today’s Market",46.0,1.009,Stayer (persistent),5/5 prior quarters same sign as current,"Consistent with PEAD continuation, moderate confidence (Day 46, later window, SUE=1.01, persistent SUE history)",,2026-07-09,2026-07-09T22:40:07
HPE,US,9.94,1.17,unclassified - check headlines manually,Cadence (CDNS) Expands Collaboration with HPE for AI Data Center Modernization,26.0,4.748,Stayer (persistent),4/5 prior quarters same sign as current,"Consistent with PEAD continuation, moderate confidence (Day 26, later window, SUE=4.75, persistent SUE history)",,2026-07-09,2026-07-09T22:40:07
FDXF,US,7.64,0.46,"upgrade/downgrade, macro/sector, product/contract","Old Dominion, J.B. Hunt, XPO Lead Sector in Market Cap Rankings",,,,,No recent earnings on record,,2026-07-09,2026-07-09T22:40:07
SNDK,US,7.59,1.0,unclassified - check headlines manually,"Micron, Sandisk, Marvell stocks jump, leading chip sector gains",49.0,2.369,Stayer (persistent),4/4 prior quarters same sign as current,"Consistent with PEAD continuation, moderate confidence (Day 49, later window, SUE=2.37, persistent SUE history)",,2026-07-09,2026-07-09T22:40:07
NCLH,US,6.98,0.97,earnings,Why Are Norwegian Cruise Line (NCLH) Shares Soaring Today,46.0,0.503,Stayer (persistent),3/5 prior quarters same sign as current,"Consistent with PEAD continuation, moderate confidence (Day 46, later window, SUE=0.50, persistent SUE history)",,2026-07-09,2026-07-09T22:40:07
LRCX,US,6.01,0.76,upgrade/downgrade,"Lumentum, Sandisk, Applied Materials, AstraZeneca, and More Stocks That Explain Today’s Market",55.0,2.914,Stayer (persistent),5/5 prior quarters same sign as current,"Consistent with PEAD continuation, moderate confidence (Day 55, later window, SUE=2.91, persistent SUE history)",,2026-07-09,2026-07-09T22:40:07
IVZ,US,5.85,0.77,unclassified - check headlines manually,"Which Is the Better Consumer Staples ETF, Vanguard's VDC or Invesco's RSPS?",51.0,-0.136,Mover (inconsistent),1/5 prior quarters same sign as current,"Contradicts SUE sign (Day 51, later window, SUE=-0.14) - likely fresh catalyst",,2026-07-09,2026-07-09T22:40:07
FIX,US,5.73,0.78,"earnings, upgrade/downgrade",Why Comfort Systems USA (FIX) Is Down 9.7% After Russell Index Removal Amid AI Infrastructure Hopes,54.0,4.038,Stayer (persistent),5/5 prior quarters same sign as current,"Consistent with PEAD continuation, moderate confidence (Day 54, later window, SUE=4.04, persistent SUE history)",,2026-07-09,2026-07-09T22:40:07
AMD,US,5.66,0.85,unclassified - check headlines manually,"Micron, Sandisk, Marvell stocks jump, leading chip sector gains",46.0,1.25,Stayer (persistent),3/5 prior quarters same sign as current,"Consistent with PEAD continuation, moderate confidence (Day 46, later window, SUE=1.25, persistent SUE history)",,2026-07-09,2026-07-09T22:40:07
PANW,US,5.53,0.96,earnings,"S&P 500, Nasdaq, Dow End Higher Led By Chipmaker Stocks As Investors Look Past US-Iran Hostility — ORCL, SBUX, WULF, PANW, FATE In Focus",26.0,1.526,Stayer (persistent),5/5 prior quarters same sign as current,"Consistent with PEAD continuation, moderate confidence (Day 26, later window, SUE=1.53, persistent SUE history)",,2026-07-09,2026-07-09T22:40:07
KALYANKJIL.NS,India,5.47,9.91,earnings,Kalyan Jewellers India Ltd (BOM:543278) Q4 2026 Earnings Call Highlights: Record Revenue Growth ...,44.0,1.198,Stayer (persistent),4/5 prior quarters same sign as current,"Consistent with PEAD continuation, moderate confidence (Day 44, later window, SUE=1.20, persistent SUE history)",,2026-07-08,2026-07-09T22:40:07
ATHERENERG.NS,India,5.21,1.04,earnings,India's Ather Energy narrows quarterly loss as Rizta e-scooter drives sales growth,46.0,-0.303,Insufficient history,Fewer than 2 prior quarters with usable SUE data,"Contradicts SUE sign (Day 46, later window, SUE=-0.30) - likely fresh catalyst",,2026-07-08,2026-07-09T22:40:07
MCX.NS,India,3.74,0.59,"earnings, regulatory/legal","Four Indian stocks added, four excluded from key global index in MSCI's May rejig",44.0,-0.72,Stayer (persistent),3/5 prior quarters same sign as current,"Contradicts SUE sign (Day 44, later window, SUE=-0.72) - likely fresh catalyst",,2026-07-08,2026-07-09T22:40:07
CHENNPETRO.NS,India,2.19,1.13,earnings,"Indian Oil to team up with Vitol in global trading push, source says",1421.0,-1.899,Mover (inconsistent),2/5 prior quarters same sign as current,Outside typical PEAD window (Day 1421),,2026-07-08,2026-07-09T22:40:07
NATIONALUM.NS,India,2.1,0.78,"earnings, product/contract",NLCIL and NALCO partner on 1.08GW thermal plant in Odisha,49.0,-0.378,Mover (inconsistent),0/5 prior quarters same sign as current,"Contradicts SUE sign (Day 49, later window, SUE=-0.38) - likely fresh catalyst",,2026-07-08,2026-07-09T22:40:07
PREMIERENE.NS,India,1.89,1.96,"earnings, product/contract",Premier Energies Ltd (NSE:PREMIERENE) Q4 2026 Earnings Call Highlights: Record Revenue Growth ...,39.0,2.113,Stayer (persistent),3/4 prior quarters same sign as current,"Consistent with PEAD continuation, moderate confidence (Day 39, later window, SUE=2.11, persistent SUE history)",,2026-07-08,2026-07-09T22:40:07
ACUTAAS.NS,India,1.87,0.86,unclassified - check headlines manually,(no headline found),49.0,1.866,Stayer (persistent),4/5 prior quarters same sign as current,"Consistent with PEAD continuation, moderate confidence (Day 49, later window, SUE=1.87, persistent SUE history)",,2026-07-08,2026-07-09T22:40:07
OIL.NS,India,1.7,0.59,"earnings, macro/sector",Oil India identifies natural gas in second Andaman offshore well,40.0,0.777,Mover (inconsistent),0/5 prior quarters same sign as current,"Directionally consistent but LOW confidence (Day 40, later window, SUE=0.78) - this stock's SUE history is inconsistent (mover, not stayer) -- per Kettell et al. 2022, movers show ~no significant drift",,2026-07-08,2026-07-09T22:40:07
NAUKRI.NS,India,1.69,1.16,earnings,Info Edge (India) Ltd (BOM:532777) Q4 2026 Earnings Call Highlights: Strong Revenue Growth and ...,34.0,0.942,Mover (inconsistent),2/5 prior quarters same sign as current,"Directionally consistent but LOW confidence (Day 34, later window, SUE=0.94) - this stock's SUE history is inconsistent (mover, not stayer) -- per Kettell et al. 2022, movers show ~no significant drift",,2026-07-08,2026-07-09T22:40:07
EXIDEIND.NS,India,1.65,1.2,earnings,Indian battery maker Exide's quarterly profit rises 22% on auto demand,46.0,0.544,Mover (inconsistent),1/5 prior quarters same sign as current,"Directionally consistent but LOW confidence (Day 46, later window, SUE=0.54) - this stock's SUE history is inconsistent (mover, not stayer) -- per Kettell et al. 2022, movers show ~no significant drift",,2026-07-08,2026-07-09T22:40:07
META,US,5.97,1.81,unclassified - check headlines manually,What Meta's Muse AI image tool means for Instagram privacy,51,1.058,Stayer (persistent),5/5 prior quarters same sign as current,"Consistent with PEAD continuation, moderate confidence (Day 51, later window, SUE=1.06, persistent SUE history)",,2026-07-10,2026-07-10T22:14:38
WY,US,4.22,1.05,earnings,Why Is Boise Cascade (BCC) Stock Soaring Today,50,1.402,Stayer (persistent),5/5 prior quarters same sign as current,"Consistent with PEAD continuation, moderate confidence (Day 50, later window, SUE=1.40, persistent SUE history)",,2026-07-10,2026-07-10T22:14:38
SBAC,US,4.14,1.25,unclassified - check headlines manually,AI Stocks Look Expensive. These 3 ETFs Could Help Investors Stay in the Game.,51,0.0,Mover (inconsistent),0/5 prior quarters same sign as current,"In drift window (Day 51) - SUE near zero, ambiguous signal",,2026-07-10,2026-07-10T22:14:38
NVDA,US,4.03,1.02,unclassified - check headlines manually,"Stock market today: Dow, S&P 500, Nasdaq rise to cap choppy week as SK Hynix pops in US debut",36,3.409,Stayer (persistent),5/5 prior quarters same sign as current,"Consistent with PEAD continuation, moderate confidence (Day 36, later window, SUE=3.41, persistent SUE history)",,2026-07-10,2026-07-10T22:14:38
CCI,US,3.89,1.02,earnings,AI Stocks Look Expensive. These 3 ETFs Could Help Investors Stay in the Game.,56,0.153,Stayer (persistent),5/5 prior quarters same sign as current,"Consistent with PEAD continuation, moderate confidence (Day 56, later window, SUE=0.15, persistent SUE history)",,2026-07-10,2026-07-10T22:14:38
BF-B,US,3.77,0.78,earnings,"Zacks Industry Outlook Highlights Anheuser-Busch, Diageo, Constellation Brands, Brown-Forman and Molson Coors Beverage",25,-2.138,Stayer (persistent),3/5 prior quarters same sign as current,"Contradicts SUE sign (Day 25, later window, SUE=-2.14) - likely fresh catalyst",,2026-07-10,2026-07-10T22:14:38
CLX,US,3.75,0.86,earnings,"Why Verizon, Clorox and More Dividend Stocks Are Flashing a Buy Signal",50,0.296,Stayer (persistent),3/5 prior quarters same sign as current,"Consistent with PEAD continuation, moderate confidence (Day 50, later window, SUE=0.30, persistent SUE history)",,2026-07-10,2026-07-10T22:14:38
NKE,US,3.72,0.55,macro/sector,NIKE Stock Outlook 2026 as Recovery Stays Uneven Across Markets,6,4.168,Stayer (persistent),5/5 prior quarters same sign as current,"Consistent with PEAD continuation, high confidence (Day 6, immediate window, SUE=4.17, persistent SUE history)",,2026-07-10,2026-07-10T22:14:38
MOS,US,3.66,0.71,upgrade/downgrade,The Best Materials Stocks to Buy,42,-0.99,Stayer (persistent),3/5 prior quarters same sign as current,"Contradicts SUE sign (Day 42, later window, SUE=-0.99) - likely fresh catalyst",,2026-07-10,2026-07-10T22:14:38
BBY,US,3.51,0.99,regulatory/legal,"Take-Two 'GTA VI' Pre-Order Data Indicate 'Robust' Demand, B. Riley Says",30,0.182,Stayer (persistent),5/5 prior quarters same sign as current,"Consistent with PEAD continuation, moderate confidence (Day 30, later window, SUE=0.18, persistent SUE history)",,2026-07-10,2026-07-10T22:14:38
KALYANKJIL.NS,India,18.4,4.65,earnings,Kalyan Jewellers India Ltd (BOM:543278) Q4 2026 Earnings Call Highlights: Record Revenue Growth ...,44,1.198,Stayer (persistent),4/5 prior quarters same sign as current,"Consistent with PEAD continuation, moderate confidence (Day 44, later window, SUE=1.20, persistent SUE history)",,2026-07-09,2026-07-10T22:14:38
MAPMYINDIA.NS,India,14.79,0.94,earnings,CE Info Systems Ltd (BOM:543425) Q4 2026 Earnings Call Highlights: Strong Financial Performance ...,36,0.138,Mover (inconsistent),2/5 prior quarters same sign as current,"Directionally consistent but LOW confidence (Day 36, later window, SUE=0.14) - this stock's SUE history is inconsistent (mover, not stayer) -- per Kettell et al. 2022, movers show ~no significant drift",,2026-07-09,2026-07-10T22:14:38
CHOICEIN.NS,India,7.98,1.38,earnings,Choice International Ltd (BOM:531358) Q4 2026 Earnings Call Highlights: Strong Revenue Growth ...,55,-0.836,Mover (inconsistent),0/2 prior quarters same sign as current,"Contradicts SUE sign (Day 55, later window, SUE=-0.84) - likely fresh catalyst",,2026-07-09,2026-07-10T22:14:38
SWIGGY.NS,India,7.47,1.17,unclassified - check headlines manually,"Amazon, Flipkart Push Wipes $15 Billion Off India's Quick-Commerce Leaders",44,0.223,Mover (inconsistent),0/5 prior quarters same sign as current,"Directionally consistent but LOW confidence (Day 44, later window, SUE=0.22) - this stock's SUE history is inconsistent (mover, not stayer) -- per Kettell et al. 2022, movers show ~no significant drift",,2026-07-09,2026-07-10T22:14:38
LODHA.NS,India,6.91,1.18,earnings,Lodha Developers Ltd (BOM:543287) Q4 2026 Earnings Call Highlights: Strong Presales and ...,54,-1.155,Stayer (persistent),4/5 prior quarters same sign as current,"Contradicts SUE sign (Day 54, later window, SUE=-1.15) - likely fresh catalyst",,2026-07-09,2026-07-10T22:14:38
KAYNES.NS,India,6.8,0.98,earnings,Kaynes Technology India Ltd (BOM:543664) Q4 2026 Earnings Call Highlights: Strong Revenue ...,41,-2.595,Mover (inconsistent),2/5 prior quarters same sign as current,"Contradicts SUE sign (Day 41, later window, SUE=-2.60) - likely fresh catalyst",,2026-07-09,2026-07-10T22:14:38
CGCL.NS,India,6.57,1.24,earnings,"India's Capri Global to rely more on debt funding after debut public sale, exec says",1549,2.253,Stayer (persistent),4/5 prior quarters same sign as current,Outside typical PEAD window (Day 1549),,2026-07-09,2026-07-10T22:14:38
KIRLOSENG.NS,India,6.49,0.61,earnings,Kirloskar Oil Engines Ltd (BOM:533293) Q4 2026 Earnings Call Highlights: Record Growth and ...,627,1.637,Stayer (persistent),4/5 prior quarters same sign as current,Outside typical PEAD window (Day 627),,2026-07-09,2026-07-10T22:14:38
SAREGAMA.NS,India,6.46,0.51,earnings,Saregama India Ltd (BOM:532163) Q3 2026 Earnings Call Highlights: Strategic Investments and ...,367,0.559,Mover (inconsistent),1/5 prior quarters same sign as current,Outside typical PEAD window (Day 367),,2026-07-09,2026-07-10T22:14:38
BRIGADE.NS,India,6.22,2.15,earnings,Brigade Enterprises Ltd (BOM:532929) Q4 2026 Earnings Call Highlights: Strong Revenue Growth ...,46,-2.192,Stayer (persistent),4/5 prior quarters same sign as current,"Contradicts SUE sign (Day 46, later window, SUE=-2.19) - likely fresh catalyst",,2026-07-09,2026-07-10T22:14:38
FDS,US,6.47,0.69,earnings,Earnings season is about to kick off — 2 charts reveal how it may go,8,0.36,Stayer (persistent),3/5 prior quarters same sign as current,"Consistent with PEAD continuation, moderate confidence (Day 8, later window, SUE=0.36, persistent SUE history)",,2026-07-13,2026-07-13T22:05:19
IT,US,6.06,0.86,"earnings, regulatory/legal",Lenovo Group (SEHK:992) Stock Looks Fully Priced Despite AI Hopes,49,0.942,Stayer (persistent),5/5 prior quarters same sign as current,"Consistent with PEAD continuation, moderate confidence (Day 49, later window, SUE=0.94, persistent SUE history)",,2026-07-13,2026-07-13T22:05:19
INTU,US,5.38,1.22,unclassified - check headlines manually,"SK Hynix, Sandisk, AppLovin, Intuit, Meta, SpaceX, and More Stocks That Explain Today’s Market",38,0.808,Stayer (persistent),5/5 prior quarters same sign as current,"Consistent with PEAD continuation, moderate confidence (Day 38, later window, SUE=0.81, persistent SUE history)",,2026-07-13,2026-07-13T22:05:19
VLO,US,5.38,1.1,unclassified - check headlines manually,Oil Surges As Trump Asserts Control Over Strait Of Hormuz; What Happens Now,52,2.442,Stayer (persistent),5/5 prior quarters same sign as current,"Consistent with PEAD continuation, moderate confidence (Day 52, later window, SUE=2.44, persistent SUE history)",,2026-07-13,2026-07-13T22:05:19
PSX,US,5.27,1.14,unclassified - check headlines manually,Oil Surges As Trump Asserts Control Over Strait Of Hormuz; What Happens Now,53,1.812,Stayer (persistent),4/5 prior quarters same sign as current,"Consistent with PEAD continuation, moderate confidence (Day 53, later window, SUE=1.81, persistent SUE history)",,2026-07-13,2026-07-13T22:05:19
BIIB,US,4.96,1.7,upgrade/downgrade,BIIB Stock Jumps 5% — Analysts Raise Price Targets After FDA Clears Alzheimer’s Treatment For At-Home Use,53,1.056,Stayer (persistent),5/5 prior quarters same sign as current,"Consistent with PEAD continuation, moderate confidence (Day 53, later window, SUE=1.06, persistent SUE history)",,2026-07-13,2026-07-13T22:05:19
CRM,US,4.84,1.09,unclassified - check headlines manually,Why AppLovin Is One of the Worst S&P 500 Stocks Today,33,2.666,Stayer (persistent),5/5 prior quarters same sign as current,"Consistent with PEAD continuation, moderate confidence (Day 33, later window, SUE=2.67, persistent SUE history)",,2026-07-13,2026-07-13T22:05:19
CASY,US,4.79,0.93,earnings,Sector Update: Consumer Stocks Mixed Late Afternoon,24,2.827,Stayer (persistent),5/5 prior quarters same sign as current,"Consistent with PEAD continuation, moderate confidence (Day 24, later window, SUE=2.83, persistent SUE history)",,2026-07-13,2026-07-13T22:05:19
MPC,US,4.63,1.06,macro/sector,Oil Surges As Trump Asserts Control Over Strait Of Hormuz; What Happens Now,49,1.695,Stayer (persistent),4/5 prior quarters same sign as current,"Consistent with PEAD continuation, moderate confidence (Day 49, later window, SUE=1.69, persistent SUE history)",,2026-07-13,2026-07-13T22:05:19
DOW,US,4.62,1.06,product/contract,5 Dividend Stocks Flashing Warning Signs,57,1.164,Stayer (persistent),3/5 prior quarters same sign as current,"Consistent with PEAD continuation, moderate confidence (Day 57, later window, SUE=1.16, persistent SUE history)",,2026-07-13,2026-07-13T22:05:19
GODREJIND.NS,India,16.28,1.17,"earnings, M&A",India's Godrej Agrovet posts modest profit rise amid uneven business growth,1869,1.328,Mover (inconsistent),1/4 prior quarters same sign as current,Outside typical PEAD window (Day 1869),,2026-07-10,2026-07-13T22:05:19
J&KBANK.NS,India,14.39,1.55,unclassified - check headlines manually,(no headline found),49,0.97,Stayer (persistent),5/5 prior quarters same sign as current,"Consistent with PEAD continuation, moderate confidence (Day 49, later window, SUE=0.97, persistent SUE history)",,2026-07-10,2026-07-13T22:05:19
ZENSARTECH.NS,India,13.6,1.82,earnings,Zensar Technologies Ltd (BOM:504067) Q3 2026 Earnings Call Highlights: Navigating Growth Amidst ...,56,1.007,Stayer (persistent),5/5 prior quarters same sign as current,"Consistent with PEAD continuation, moderate confidence (Day 56, later window, SUE=1.01, persistent SUE history)",,2026-07-10,2026-07-13T22:05:19
INDIANB.NS,India,9.78,0.79,"earnings, regulatory/legal","Four Indian stocks added, four excluded from key global index in MSCI's May rejig",1,0.0,Mover (inconsistent),0/5 prior quarters same sign as current,"In drift window (Day 1) - SUE near zero, ambiguous signal",,2026-07-10,2026-07-13T22:05:19
NEWGEN.NS,India,9.3,8.37,earnings,Newgen Software Technologies Ltd (NSE:NEWGEN) Q4 2026 Earnings Call Highlights: Navigating ...,52,0.033,Mover (inconsistent),2/5 prior quarters same sign as current,"In drift window (Day 52) - SUE near zero, ambiguous signal",,2026-07-10,2026-07-13T22:05:19
BLUEJET.NS,India,8.62,0.92,earnings,Blue Jet Healthcare Ltd (NSE:BLUEJET) Q4 2026 Earnings Call Highlights: Strong Contrast Media ...,34,1.343,Stayer (persistent),4/5 prior quarters same sign as current,"Consistent with PEAD continuation, moderate confidence (Day 34, later window, SUE=1.34, persistent SUE history)",,2026-07-10,2026-07-13T22:05:19
MRPL.NS,India,8.56,3.17,"earnings, regulatory/legal, macro/sector","Indian refiners say offers of Venezuelan oil limited, most going to US",1419,-0.188,Mover (inconsistent),2/5 prior quarters same sign as current,Outside typical PEAD window (Day 1419),,2026-07-10,2026-07-13T22:05:19
BRIGADE.NS,India,7.6,0.49,earnings,Brigade Enterprises Ltd (BOM:532929) Q4 2026 Earnings Call Highlights: Strong Revenue Growth ...,48,-2.192,Stayer (persistent),4/5 prior quarters same sign as current,"Contradicts SUE sign (Day 48, later window, SUE=-2.19) - likely fresh catalyst",,2026-07-10,2026-07-13T22:05:19
KALYANKJIL.NS,India,7.48,4.17,earnings,Kalyan Jewellers India Ltd (BOM:543278) Q4 2026 Earnings Call Highlights: Record Revenue Growth ...,46,1.198,Stayer (persistent),4/5 prior quarters same sign as current,"Consistent with PEAD continuation, moderate confidence (Day 46, later window, SUE=1.20, persistent SUE history)",,2026-07-10,2026-07-13T22:05:19
BSOFT.NS,India,7.13,1.42,earnings,Birlasoft Ltd (BOM:532400) Q3 2026 Earnings Call Highlights: Strong EBITDA Margin Expansion and ...,48,1.265,Mover (inconsistent),1/5 prior quarters same sign as current,"Directionally consistent but LOW confidence (Day 48, later window, SUE=1.27) - this stock's SUE history is inconsistent (mover, not stayer) -- per Kettell et al. 2022, movers show ~no significant drift",,2026-07-10,2026-07-13T22:05:19
CRWD,US,12.14,1.25,unclassified - check headlines manually,IBM posts its worst trading day in company history,29.0,0.764,Stayer (persistent),3/5 prior quarters same sign as current,"Consistent with PEAD continuation, moderate confidence (Day 29, later window, SUE=0.76, persistent SUE history)",,2026-07-14,2026-07-14T22:09:17
GS,US,9.0,1.89,"earnings, regulatory/legal, product/contract",SpaceX and other mega AI deals are lifting big bank profits. CEOs say more are coming.,65.0,0.563,Stayer (persistent),5/5 prior quarters same sign as current,"Consistent with PEAD continuation, moderate confidence (Day 65, later window, SUE=0.56, persistent SUE history)",,2026-07-14,2026-07-14T22:09:17
CVNA,US,8.29,1.06,earnings,"Ecommerce earnings could provide catalyst for sector gains, Jefferies says",54.0,0.12,Stayer (persistent),4/5 prior quarters same sign as current,"Consistent with PEAD continuation, moderate confidence (Day 54, later window, SUE=0.12, persistent SUE history)",,2026-07-14,2026-07-14T22:09:17
DELL,US,7.12,1.05,macro/sector,"Dow Jones Futures: Goldman, CrowdStrike Jump, AI Stocks Need To Do This; ASML, Morgan Stanley Due",33.0,4.54,Stayer (persistent),4/5 prior quarters same sign as current,"Consistent with PEAD continuation, moderate confidence (Day 33, later window, SUE=4.54, persistent SUE history)",,2026-07-14,2026-07-14T22:09:17
PANW,US,6.84,0.75,unclassified - check headlines manually,"CrowdStrike, Fortinet and others surge on IBM warning of customer spending shift",29.0,1.526,Stayer (persistent),5/5 prior quarters same sign as current,"Consistent with PEAD continuation, moderate confidence (Day 29, later window, SUE=1.53, persistent SUE history)",,2026-07-14,2026-07-14T22:09:17
MPWR,US,6.58,0.72,earnings,2 Profitable Stocks to Research Further and 1 We Question,53.0,2.565,Stayer (persistent),5/5 prior quarters same sign as current,"Consistent with PEAD continuation, moderate confidence (Day 53, later window, SUE=2.57, persistent SUE history)",,2026-07-14,2026-07-14T22:09:17
NTAP,US,6.48,0.9,unclassified - check headlines manually,"Dow Jones Futures: Goldman, CrowdStrike Jump, AI Stocks Need To Do This; ASML, Morgan Stanley Due",33.0,1.782,Stayer (persistent),4/5 prior quarters same sign as current,"Consistent with PEAD continuation, moderate confidence (Day 33, later window, SUE=1.78, persistent SUE history)",,2026-07-14,2026-07-14T22:09:17
LITE,US,6.07,0.89,unclassified - check headlines manually,Prediction: Poet Technologies Has 160% Upside as AI Infrastructure Demand Accelerates,49.0,1.009,Stayer (persistent),5/5 prior quarters same sign as current,"Consistent with PEAD continuation, moderate confidence (Day 49, later window, SUE=1.01, persistent SUE history)",,2026-07-14,2026-07-14T22:09:17
SNDK,US,5.01,0.75,upgrade/downgrade,"Nvidia, Intel and Micron Rebound as Chip Stocks Shake Off War Fears",53.0,2.369,Stayer (persistent),4/4 prior quarters same sign as current,"Consistent with PEAD continuation, moderate confidence (Day 53, later window, SUE=2.37, persistent SUE history)",,2026-07-14,2026-07-14T22:09:17
MU,US,4.92,0.69,"earnings, product/contract",GraniteShares launches new SK Hynix ETFs,14.0,4.061,Stayer (persistent),5/5 prior quarters same sign as current,"Consistent with PEAD continuation, moderate confidence (Day 14, later window, SUE=4.06, persistent SUE history)",,2026-07-14,2026-07-14T22:09:17
NEWGEN.NS,India,14.17,1.12,earnings,Newgen Software Technologies Ltd (NSE:NEWGEN) Q4 2026 Earnings Call Highlights: Navigating ...,53.0,0.033,Mover (inconsistent),2/5 prior quarters same sign as current,"In drift window (Day 53) - SUE near zero, ambiguous signal",,2026-07-13,2026-07-14T22:09:17
SONATSOFTW.NS,India,10.76,0.85,earnings,Sonata Software Ltd (BOM:532221) Q4 2026 Earnings Call Highlights: Strong AI-Led Growth Amidst ...,48.0,2.057,Stayer (persistent),3/5 prior quarters same sign as current,"Consistent with PEAD continuation, moderate confidence (Day 48, later window, SUE=2.06, persistent SUE history)",,2026-07-13,2026-07-14T22:09:17
MAPMYINDIA.NS,India,9.37,0.52,earnings,CE Info Systems Ltd (BOM:543425) Q4 2026 Earnings Call Highlights: Strong Financial Performance ...,39.0,0.138,Mover (inconsistent),2/5 prior quarters same sign as current,"Directionally consistent but LOW confidence (Day 39, later window, SUE=0.14) - this stock's SUE history is inconsistent (mover, not stayer) -- per Kettell et al. 2022, movers show ~no significant drift",,2026-07-13,2026-07-14T22:09:17
KALYANKJIL.NS,India,7.25,1.8,earnings,Kalyan Jewellers India Ltd (BOM:543278) Q4 2026 Earnings Call Highlights: Record Revenue Growth ...,47.0,1.198,Stayer (persistent),4/5 prior quarters same sign as current,"Consistent with PEAD continuation, moderate confidence (Day 47, later window, SUE=1.20, persistent SUE history)",,2026-07-13,2026-07-14T22:09:17
AEGISVOPAK.NS,India,7.11,0.66,earnings,Aegis Vopak Terminals Ltd (NSE:AEGISVOPAK) Full Year 2026 Earnings Call Highlights: Robust ...,,,,,No recent earnings on record,,2026-07-13,2026-07-14T22:09:17
PINELABS.NS,India,6.79,1.25,"earnings, product/contract",Pine Labs Ltd (NSE:PINELABS) Q4 2026 Earnings Call Highlights: Strong Revenue Growth Amidst ...,35.0,3.771,Insufficient history,Fewer than 2 prior quarters with usable SUE data,"Consistent with PEAD continuation, low confidence (Day 35, later window, SUE=3.77, insufficient history to assess persistence)",,2026-07-13,2026-07-14T22:09:17
RRKABEL.NS,India,6.7,1.05,"earnings, product/contract",R R Kabel Ltd (BOM:543981) Q4 2026 Earnings Call Highlights: Record Revenue and Strategic ...,53.0,1.297,Stayer (persistent),4/5 prior quarters same sign as current,"Consistent with PEAD continuation, moderate confidence (Day 53, later window, SUE=1.30, persistent SUE history)",,2026-07-13,2026-07-14T22:09:17
JSWINFRA.NS,India,6.41,0.9,earnings,JSW Infrastructure Ltd (BOM:543994) Q3 2026 Earnings Call Highlights: Strong Revenue Growth ...,47.0,0.973,Stayer (persistent),3/5 prior quarters same sign as current,"Consistent with PEAD continuation, moderate confidence (Day 47, later window, SUE=0.97, persistent SUE history)",,2026-07-13,2026-07-14T22:09:17
ZENSARTECH.NS,India,6.29,0.59,earnings,Zensar Technologies Ltd (BOM:504067) Q3 2026 Earnings Call Highlights: Navigating Growth Amidst ...,57.0,1.007,Stayer (persistent),5/5 prior quarters same sign as current,"Consistent with PEAD continuation, moderate confidence (Day 57, later window, SUE=1.01, persistent SUE history)",,2026-07-13,2026-07-14T22:09:17
TATATECH.NS,India,5.88,0.85,earnings,India's Tata Technologies quarterly profit rises on broad-based growth,50.0,-0.225,Mover (inconsistent),2/5 prior quarters same sign as current,"Contradicts SUE sign (Day 50, later window, SUE=-0.23) - likely fresh catalyst",,2026-07-13,2026-07-14T22:09:17
PYPL,US,17.2,6.78,"earnings, M&A, macro/sector","Stripe, Advent make $53 billion offer to take over PayPal.",50,0.844,Stayer (persistent),4/5 prior quarters same sign as current,"Consistent with PEAD continuation, moderate confidence (Day 50, later window, SUE=0.84, persistent SUE history)",,2026-07-15,2026-07-15T22:10:34
BLK,US,6.63,1.96,"earnings, macro/sector",Morgan Stanley had a blowout quarter. But is all this AI-driven revenue sustainable?,65,,N/A - no analyst estimate for most recent report,SUE history exists for older quarters but not the most recent report; persistence can't be judged without a current SUE to compare,"In drift window (Day 65) - SUE unavailable, verify manually",,2026-07-15,2026-07-15T22:10:34
CBRE,US,6.22,1.22,"earnings, product/contract",CBRE (CBRE) Stock Looks Undervalued On Cash Flow But Fair On Earnings,59,2.645,Stayer (persistent),5/5 prior quarters same sign as current,"Consistent with PEAD continuation, moderate confidence (Day 59, later window, SUE=2.65, persistent SUE history)",,2026-07-15,2026-07-15T22:10:34
IVZ,US,5.46,1.16,earnings,Why QQQM’s 0.15% Fee Crushes QQQ for Long-Term Growth Investors,55,-0.136,Mover (inconsistent),1/5 prior quarters same sign as current,"Contradicts SUE sign (Day 55, later window, SUE=-0.14) - likely fresh catalyst",,2026-07-15,2026-07-15T22:10:34
BNY,US,5.08,2.31,"earnings, regulatory/legal, macro/sector",Update: US Equity Indexes Climb as Unexpected Decline in Inflation Helps Counter Sharp Deterioration in Iran Geopolitics,64,,N/A - no analyst estimate for most recent report,SUE history exists for older quarters but not the most recent report; persistence can't be judged without a current SUE to compare,"In drift window (Day 64) - SUE unavailable, verify manually",,2026-07-15,2026-07-15T22:10:34
BKNG,US,4.55,1.02,earnings,"Booking, Alphabet, and 7 Other Stocks to Buy Ahead of Earnings",55,0.586,Stayer (persistent),4/5 prior quarters same sign as current,"Consistent with PEAD continuation, moderate confidence (Day 55, later window, SUE=0.59, persistent SUE history)",,2026-07-15,2026-07-15T22:10:34
CTAS,US,4.36,2.07,earnings,Cintas Corp (CTAS) Q4 2026 Earnings Call Highlights: Record Revenue and Margin Expansion Amidst ...,79,,N/A - no analyst estimate for most recent report,SUE history exists for older quarters but not the most recent report; persistence can't be judged without a current SUE to compare,"In drift window (Day 79) - SUE unavailable, verify manually",,2026-07-15,2026-07-15T22:10:34
HCA,US,4.19,1.19,"earnings, upgrade/downgrade",HCA Healthcare (HCA) Stock Still Trades At A Discount Despite A 52% Return,58,0.037,Stayer (persistent),5/5 prior quarters same sign as current,"In drift window (Day 58) - SUE near zero, ambiguous signal",,2026-07-15,2026-07-15T22:10:34
AAPL,US,4.01,1.29,"M&A, product/contract",What rising memory chip prices could mean for Apple's iPhones,54,0.656,Stayer (persistent),5/5 prior quarters same sign as current,"Consistent with PEAD continuation, moderate confidence (Day 54, later window, SUE=0.66, persistent SUE history)",,2026-07-15,2026-07-15T22:10:34
KKR,US,3.85,1.84,"M&A, product/contract","KKR Markets Debt Backed by PayPal’s Buy Now, Pay Later Loans",50,1.588,Stayer (persistent),4/5 prior quarters same sign as current,"Consistent with PEAD continuation, moderate confidence (Day 50, later window, SUE=1.59, persistent SUE history)",,2026-07-15,2026-07-15T22:10:34
NUVOCO.NS,India,7.85,19.48,unclassified - check headlines manually,(no headline found),1,0.072,Stayer (persistent),4/5 prior quarters same sign as current,"In drift window (Day 1) - SUE near zero, ambiguous signal",,2026-07-14,2026-07-15T22:10:34
BIOCON.NS,India,6.41,1.16,"earnings, upgrade/downgrade","Mylan to sell up to $363 million stake in India's Biocon, term sheet shows",49,0.076,Mover (inconsistent),2/5 prior quarters same sign as current,"In drift window (Day 49) - SUE near zero, ambiguous signal",,2026-07-14,2026-07-15T22:10:34
CONCOR.NS,India,6.29,0.52,earnings,Container Corporation of India Ltd (BOM:531344) Q3 2026 Earnings Call Highlights: Record ...,36,-0.436,Stayer (persistent),3/5 prior quarters same sign as current,"Contradicts SUE sign (Day 36, later window, SUE=-0.44) - likely fresh catalyst",,2026-07-14,2026-07-15T22:10:34
ADANIPOWER.NS,India,4.97,1.17,earnings,Factbox-A look at Indian billionaire Gautam Adani's businesses ,54,2.584,Mover (inconsistent),2/5 prior quarters same sign as current,"Directionally consistent but LOW confidence (Day 54, later window, SUE=2.58) - this stock's SUE history is inconsistent (mover, not stayer) -- per Kettell et al. 2022, movers show ~no significant drift",,2026-07-14,2026-07-15T22:10:34
MCX.NS,India,3.93,0.48,"earnings, regulatory/legal","Four Indian stocks added, four excluded from key global index in MSCI's May rejig",48,-0.72,Stayer (persistent),3/5 prior quarters same sign as current,"Contradicts SUE sign (Day 48, later window, SUE=-0.72) - likely fresh catalyst",,2026-07-14,2026-07-15T22:10:34
WELCORP.NS,India,3.92,0.65,"earnings, macro/sector",Welspun Living Ltd (BOM:514162) Q4 2026 Earnings Call Highlights: Strong Branded Growth Amidst ...,39,-0.239,Mover (inconsistent),0/5 prior quarters same sign as current,"Contradicts SUE sign (Day 39, later window, SUE=-0.24) - likely fresh catalyst",,2026-07-14,2026-07-15T22:10:34
ADANIGREEN.NS,India,3.75,0.94,"earnings, product/contract",AGEL launches 3.37GWh BESS in Gujarat’s Khavda,58,-0.352,Stayer (persistent),4/4 prior quarters same sign as current,"Contradicts SUE sign (Day 58, later window, SUE=-0.35) - likely fresh catalyst",,2026-07-14,2026-07-15T22:10:34
KALYANKJIL.NS,India,3.74,1.0,earnings,Kalyan Jewellers India Ltd (BOM:543278) Q4 2026 Earnings Call Highlights: Record Revenue Growth ...,48,1.198,Stayer (persistent),4/5 prior quarters same sign as current,"Consistent with PEAD continuation, moderate confidence (Day 48, later window, SUE=1.20, persistent SUE history)",,2026-07-14,2026-07-15T22:10:34
DIVISLAB.NS,India,3.6,1.68,"earnings, product/contract",Divi's Laboratories Ltd (BOM:532488) Q4 2026 Earnings Call Highlights: Strong Financial ...,37,0.467,Stayer (persistent),4/5 prior quarters same sign as current,"Consistent with PEAD continuation, moderate confidence (Day 37, later window, SUE=0.47, persistent SUE history)",,2026-07-14,2026-07-15T22:10:34
CARTRADE.NS,India,3.42,0.54,"earnings, upgrade/downgrade",CarTrade Tech (NSEI:CARTRADE) Stock Sees Fair Value Cut As Growth And Margin Views Ease,49,0.435,Stayer (persistent),4/5 prior quarters same sign as current,"Consistent with PEAD continuation, moderate confidence (Day 49, later window, SUE=0.43, persistent SUE history)",,2026-07-14,2026-07-15T22:10:34
ABT,US,10.71,2.45,earnings,"Stock Market Today, July 16: Micron Plunges as Tech Stocks Extend Sell-Off",64.0,,N/A - no analyst estimate for most recent report,SUE history exists for older quarters but not the most recent report; persistence can't be judged without a current SUE to compare,"In drift window (Day 64) - SUE unavailable, verify manually",,2026-07-16,2026-07-16T22:14:24
JBHT,US,8.01,2.65,earnings,Stock Market Today: Nasdaq Drops While TSMC Hits Sell Rule; Oil Shipper Steers Into Entry Point,0.0,0.844,Stayer (persistent),5/5 prior quarters same sign as current,Day 0 earnings reaction (not drift yet),,2026-07-16,2026-07-16T22:14:24
FDXF,US,7.5,0.73,macro/sector,Former FedEx CFO John Dietrich joins American Airlines board,,,,,No recent earnings on record,,2026-07-16,2026-07-16T22:14:24
ERIE,US,7.49,1.54,unclassified - check headlines manually,AJG Stock Trading at a Discount to Industry at 2.74X: Time to Hold?,59.0,-0.497,Mover (inconsistent),2/5 prior quarters same sign as current,"Contradicts SUE sign (Day 59, later window, SUE=-0.50) - likely fresh catalyst",,2026-07-16,2026-07-16T22:14:24
DXCM,US,7.22,1.51,unclassified - check headlines manually,What Investors Don’t Understand About Abbott Laboratories,54.0,1.676,Stayer (persistent),3/5 prior quarters same sign as current,"Consistent with PEAD continuation, moderate confidence (Day 54, later window, SUE=1.68, persistent SUE history)",,2026-07-16,2026-07-16T22:14:24
CTAS,US,7.22,1.74,"earnings, upgrade/downgrade, regulatory/legal",Cintas upgraded by Bank of America after earnings beat and stronger outlook,0.0,0.705,Stayer (persistent),3/5 prior quarters same sign as current,Day 0 earnings reaction (not drift yet),,2026-07-16,2026-07-16T22:14:24
IR,US,7.13,2.16,earnings,Why Ingersoll Rand Stock Is Soaring Today,56.0,0.73,Mover (inconsistent),1/5 prior quarters same sign as current,"Directionally consistent but LOW confidence (Day 56, later window, SUE=0.73) - this stock's SUE history is inconsistent (mover, not stayer) -- per Kettell et al. 2022, movers show ~no significant drift",,2026-07-16,2026-07-16T22:14:24
IT,US,6.83,0.82,earnings,Gartner Earnings Preview: What to Expect,51.0,0.942,Stayer (persistent),5/5 prior quarters same sign as current,"Consistent with PEAD continuation, moderate confidence (Day 51, later window, SUE=0.94, persistent SUE history)",,2026-07-16,2026-07-16T22:14:24
CSGP,US,6.6,1.3,unclassified - check headlines manually,How CoStar’s CFO Transition And Cost Focus At CoStar Group (CSGP) Has Changed Its Investment Story,56.0,2.847,Stayer (persistent),5/5 prior quarters same sign as current,"Consistent with PEAD continuation, moderate confidence (Day 56, later window, SUE=2.85, persistent SUE history)",,2026-07-16,2026-07-16T22:14:24
DPZ,US,6.05,1.61,earnings,"Should You Buy, Sell or Hold DPZ Stock Before the Q2 Earnings Release?",56.0,-0.438,Stayer (persistent),3/5 prior quarters same sign as current,"Contradicts SUE sign (Day 56, later window, SUE=-0.44) - likely fresh catalyst",,2026-07-16,2026-07-16T22:14:24
NUVOCO.NS,India,10.5,0.68,unclassified - check headlines manually,(no headline found),1.0,0.072,Stayer (persistent),4/5 prior quarters same sign as current,"In drift window (Day 1) - SUE near zero, ambiguous signal",,2026-07-15,2026-07-16T22:14:24
GABRIEL.NS,India,8.48,1.1,product/contract,"SK Enmove, Gabriel India to form lubricants partnership",35.0,-0.15,Stayer (persistent),3/5 prior quarters same sign as current,"Contradicts SUE sign (Day 35, later window, SUE=-0.15) - likely fresh catalyst",,2026-07-15,2026-07-16T22:14:24
AEGISLOG.NS,India,8.07,0.53,earnings,Aegis Logistics Ltd (BOM:500003) Q4 2026 Earnings Call Highlights: Record Profit Milestone and ...,34.0,3.832,Stayer (persistent),3/5 prior quarters same sign as current,"Consistent with PEAD continuation, moderate confidence (Day 34, later window, SUE=3.83, persistent SUE history)",,2026-07-15,2026-07-16T22:14:24
ATHERENERG.NS,India,7.87,1.95,earnings,"India's Ather Energy to raise $125 million via share issue, warrants",51.0,-0.303,Insufficient history,Fewer than 2 prior quarters with usable SUE data,"Contradicts SUE sign (Day 51, later window, SUE=-0.30) - likely fresh catalyst",,2026-07-15,2026-07-16T22:14:24
LTTS.NS,India,6.53,1.36,"earnings, product/contract",L&T Technology Services Ltd (BOM:540115) Q1 2027 Earnings Call Highlights: Strong Growth in ...,1.0,0.225,Stayer (persistent),3/5 prior quarters same sign as current,"Consistent with PEAD continuation, high confidence (Day 1, immediate window, SUE=0.23, persistent SUE history)",,2026-07-15,2026-07-16T22:14:24
GROWW.NS,India,6.15,1.94,earnings,Billionbrains Garage Ventures Ltd (NSE:GROWW) Q4 2026 Earnings Call Highlights: AUM Soars and ...,0.0,2.121,Insufficient history,Fewer than 2 prior quarters with usable SUE data,Day 0 earnings reaction (not drift yet),,2026-07-15,2026-07-16T22:14:24
JUBLPHARMA.NS,India,5.54,1.71,unclassified - check headlines manually,(no headline found),39.0,0.012,Stayer (persistent),3/5 prior quarters same sign as current,"In drift window (Day 39) - SUE near zero, ambiguous signal",,2026-07-15,2026-07-16T22:14:24
FLUOROCHEM.NS,India,5.29,1.53,earnings,Gujarat Fluorochemicals Ltd (BOM:542812) Q4 2026 Earnings Call Highlights: Strong Growth in ...,36.0,-0.017,Stayer (persistent),3/5 prior quarters same sign as current,"In drift window (Day 36) - SUE near zero, ambiguous signal",,2026-07-15,2026-07-16T22:14:24
TRITURBINE.NS,India,5.2,1.62,"earnings, macro/sector",Triveni Turbine Ltd (BOM:533655) Q4 2026 Earnings Call Highlights: Record Turnover and ...,41.0,-0.698,Stayer (persistent),3/5 prior quarters same sign as current,"Contradicts SUE sign (Day 41, later window, SUE=-0.70) - likely fresh catalyst",,2026-07-15,2026-07-16T22:14:24
HFCL.NS,India,4.84,0.68,earnings,India's AI Infrastructure Winners Add $47 Billion as Sterlite Jumps 500%,1935.0,0.151,Mover (inconsistent),2/5 prior quarters same sign as current,Outside typical PEAD window (Day 1935),,2026-07-15,2026-07-16T22:14:24
TRV,US,9.22,2.65,earnings,The Travelers Companies Inc (TRV) Q2 2026 Earnings Call Highlights: Robust Growth and Strategic ...,65,,N/A - no analyst estimate for most recent report,SUE history exists for older quarters but not the most recent report; persistence can't be judged without a current SUE to compare,"In drift window (Day 65) - SUE unavailable, verify manually",,2026-07-17,2026-07-17T22:02:16
STX,US,5.66,1.58,product/contract,"Micron, Nvidia, Netflix, SK Hynix, Alphabet, Intuitive Surgical, and More Stocks That Explain Today’s Market",56,2.783,Stayer (persistent),5/5 prior quarters same sign as current,"Consistent with PEAD continuation, moderate confidence (Day 56, later window, SUE=2.78, persistent SUE history)",,2026-07-17,2026-07-17T22:02:16
CNC,US,3.99,0.97,earnings,Why UNH Stock Breakout Faltered After Massive Earnings Beat,56,4.024,Stayer (persistent),4/5 prior quarters same sign as current,"Consistent with PEAD continuation, moderate confidence (Day 56, later window, SUE=4.02, persistent SUE history)",,2026-07-17,2026-07-17T22:02:16
CASY,US,3.88,0.74,unclassified - check headlines manually,"Casey’s, Costco, and Other Consumer Stocks for Uncertain Times",26,2.827,Stayer (persistent),5/5 prior quarters same sign as current,"Consistent with PEAD continuation, moderate confidence (Day 26, later window, SUE=2.83, persistent SUE history)",,2026-07-17,2026-07-17T22:02:16
LITE,US,3.77,1.27,"earnings, upgrade/downgrade",New LUMA ETF Charges 0.64% to Give You Diversified Photonics Exposure,51,1.009,Stayer (persistent),5/5 prior quarters same sign as current,"Consistent with PEAD continuation, moderate confidence (Day 51, later window, SUE=1.01, persistent SUE history)",,2026-07-17,2026-07-17T22:02:16
HUM,US,3.5,1.46,earnings,Is Humana (HUM) Stock Outpacing Its Medical Peers This Year?,56,0.161,Stayer (persistent),4/5 prior quarters same sign as current,"Consistent with PEAD continuation, moderate confidence (Day 56, later window, SUE=0.16, persistent SUE history)",,2026-07-17,2026-07-17T22:02:16
ADM,US,3.49,1.01,earnings,Philip Morris Q2 Earnings Coming Up: What Should Investors Expect?,51,0.285,Stayer (persistent),4/5 prior quarters same sign as current,"Consistent with PEAD continuation, moderate confidence (Day 51, later window, SUE=0.29, persistent SUE history)",,2026-07-17,2026-07-17T22:02:16
ALL,US,3.32,0.8,earnings,"Stock Market Today, July 17: Stocks Slide as Semiconductor Rout Deepens",56,1.96,Stayer (persistent),5/5 prior quarters same sign as current,"Consistent with PEAD continuation, moderate confidence (Day 56, later window, SUE=1.96, persistent SUE history)",,2026-07-17,2026-07-17T22:02:16
AIG,US,3.17,2.22,"earnings, upgrade/downgrade",American International's Q2 2026 Earnings: What to Expect,55,1.745,Stayer (persistent),5/5 prior quarters same sign as current,"Consistent with PEAD continuation, moderate confidence (Day 55, later window, SUE=1.74, persistent SUE history)",,2026-07-17,2026-07-17T22:02:16
VLO,US,3.13,0.74,"M&A, macro/sector",Sector Update: Energy Stocks Rise Late Afternoon,55,2.442,Stayer (persistent),5/5 prior quarters same sign as current,"Consistent with PEAD continuation, moderate confidence (Day 55, later window, SUE=2.44, persistent SUE history)",,2026-07-17,2026-07-17T22:02:16
ITC.NS,India,0.98,0.99,unclassified - check headlines manually,British American Tobacco plans to offload stake in India's ITC Hotels,40,0.104,Mover (inconsistent),2/5 prior quarters same sign as current,"Directionally consistent but LOW confidence (Day 40, later window, SUE=0.10) - this stock's SUE history is inconsistent (mover, not stayer) -- per Kettell et al. 2022, movers show ~no significant drift",,2026-07-16,2026-07-17T22:02:16
INFY.NS,India,0.57,1.03,"earnings, product/contract",Software Stocks Sink as IBM Miss Delivers ‘Devastating Blow’,60,2.339,Stayer (persistent),5/5 prior quarters same sign as current,"Consistent with PEAD continuation, moderate confidence (Day 60, later window, SUE=2.34, persistent SUE history)",,2026-07-16,2026-07-17T22:02:16
TCS.NS,India,0.54,0.93,"earnings, M&A, product/contract",TCS opens industrial AI lab in Bengaluru in partnership with Nvidia,6,1.151,Stayer (persistent),3/5 prior quarters same sign as current,"Consistent with PEAD continuation, high confidence (Day 6, immediate window, SUE=1.15, persistent SUE history)",,2026-07-16,2026-07-17T22:02:16
BHARTIARTL.NS,India,0.18,0.74,"M&A, product/contract",Singtel winds up Mauritius unit linked to Bharti Airtel investment,46,2.458,Stayer (persistent),3/5 prior quarters same sign as current,"Consistent with PEAD continuation, moderate confidence (Day 46, later window, SUE=2.46, persistent SUE history)",,2026-07-16,2026-07-17T22:02:16
ICICIBANK.NS,India,0.14,0.94,"earnings, M&A, regulatory/legal","IT, financials lead Indian benchmarks higher; Reliance, private banks up ahead of results",64,1.631,Stayer (persistent),4/5 prior quarters same sign as current,"Consistent with PEAD continuation, moderate confidence (Day 64, later window, SUE=1.63, persistent SUE history)",,2026-07-16,2026-07-17T22:02:16
SBIN.NS,India,0.11,0.82,unclassified - check headlines manually,Ondo Finance partners with SBI Group to bring Japanese stocks onchain,49,0.247,Stayer (persistent),5/5 prior quarters same sign as current,"Consistent with PEAD continuation, moderate confidence (Day 49, later window, SUE=0.25, persistent SUE history)",,2026-07-16,2026-07-17T22:02:16
RELIANCE.NS,India,0.08,1.46,"earnings, regulatory/legal",Billionaire Mukesh Ambani's Reliance beats first-quarter profit view,59,,N/A - no analyst estimate for most recent report,SUE history exists for older quarters but not the most recent report; persistence can't be judged without a current SUE to compare,"In drift window (Day 59) - SUE unavailable, verify manually",,2026-07-16,2026-07-17T22:02:16
HINDUNILVR.NS,India,-0.2,0.51,earnings,"India Inc hikes prices, shrinks packs as Iran war squeezes margins",55,0.149,Stayer (persistent),3/5 prior quarters same sign as current,"Contradicts SUE sign (Day 55, later window, SUE=0.15) - likely fresh catalyst",,2026-07-16,2026-07-17T22:02:16
LT.NS,India,-0.22,0.76,earnings,"India's L&T to invest nearly $2 billion in Tamil Nadu, state government says",51,2.226,Mover (inconsistent),1/5 prior quarters same sign as current,"Contradicts SUE sign (Day 51, later window, SUE=2.23) - likely fresh catalyst",,2026-07-16,2026-07-17T22:02:16
HDFCBANK.NS,India,-0.88,0.5,"earnings, regulatory/legal, macro/sector","IT, financials lead Indian benchmarks higher; Reliance, private banks up ahead of results",64,0.045,Stayer (persistent),4/5 prior quarters same sign as current,"In drift window (Day 64) - SUE near zero, ambiguous signal",,2026-07-16,2026-07-17T22:02:16
GPN,US,5.85,1.31,"earnings, upgrade/downgrade","US Equity Markets End Lower as Oil Prices Rise Amid US-Iran Escalation, Threats to Saudi Oil Shipments",53.0,3.363,Stayer (persistent),3/5 prior quarters same sign as current,"Consistent with PEAD continuation, moderate confidence (Day 53, later window, SUE=3.36, persistent SUE history)",,2026-07-20,2026-07-20T22:11:11
LITE,US,4.47,1.1,"upgrade/downgrade, macro/sector","Micron, Lumentum, Sweetgreen, AMC, Domino’s, and More Stocks That Explain Today’s Market",54.0,1.009,Stayer (persistent),5/5 prior quarters same sign as current,"Consistent with PEAD continuation, moderate confidence (Day 54, later window, SUE=1.01, persistent SUE history)",,2026-07-20,2026-07-20T22:11:11
TER,US,3.54,0.82,earnings,4 AI Semiconductor Supply-Chain Stocks to Buy on the Recent Dip,59.0,4.09,Stayer (persistent),5/5 prior quarters same sign as current,"Consistent with PEAD continuation, moderate confidence (Day 59, later window, SUE=4.09, persistent SUE history)",,2026-07-20,2026-07-20T22:11:11
AXON,US,3.37,0.9,earnings,Is Axon (AXON) a Buy as Wall Street Analysts Look Optimistic?,53.0,0.035,Stayer (persistent),4/5 prior quarters same sign as current,"In drift window (Day 53) - SUE near zero, ambiguous signal",,2026-07-20,2026-07-20T22:11:11
MRVL,US,3.32,0.94,earnings,"AMD, Micron, SK Hynix climb as semiconductor complex attempt recovery",38.0,0.732,Stayer (persistent),4/5 prior quarters same sign as current,"Consistent with PEAD continuation, moderate confidence (Day 38, later window, SUE=0.73, persistent SUE history)",,2026-07-20,2026-07-20T22:11:11
BF-B,US,3.24,0.85,M&A,Brown-Forman faces big questions as CEO prepares for exit,32.0,-2.138,Stayer (persistent),3/5 prior quarters same sign as current,"Contradicts SUE sign (Day 32, later window, SUE=-2.14) - likely fresh catalyst",,2026-07-20,2026-07-20T22:11:11
COHR,US,2.81,0.71,product/contract,Lumentum Stock Surges After Barclay’s Says It’s Time to Buy,53.0,0.165,Stayer (persistent),5/5 prior quarters same sign as current,"Consistent with PEAD continuation, moderate confidence (Day 53, later window, SUE=0.16, persistent SUE history)",,2026-07-20,2026-07-20T22:11:11
SNDK,US,2.67,0.85,unclassified - check headlines manually,AI capex to Pass $1 trillion by 2027: Strategist,57.0,2.369,Stayer (persistent),4/4 prior quarters same sign as current,"Consistent with PEAD continuation, moderate confidence (Day 57, later window, SUE=2.37, persistent SUE history)",,2026-07-20,2026-07-20T22:11:11
DASH,US,2.65,0.75,"earnings, product/contract",Shopify (SHOP) Opens DoorDash To US Retailers With Direct Selling Integration,53.0,0.131,Mover (inconsistent),2/5 prior quarters same sign as current,"Directionally consistent but LOW confidence (Day 53, later window, SUE=0.13) - this stock's SUE history is inconsistent (mover, not stayer) -- per Kettell et al. 2022, movers show ~no significant drift",,2026-07-20,2026-07-20T22:11:11
LYB,US,2.64,0.86,product/contract,LyondellBasell (LYB) Stock Looks Cheap On Sales But Weaker On EBITDA,56.0,0.379,Mover (inconsistent),2/5 prior quarters same sign as current,"Directionally consistent but LOW confidence (Day 56, later window, SUE=0.38) - this stock's SUE history is inconsistent (mover, not stayer) -- per Kettell et al. 2022, movers show ~no significant drift",,2026-07-20,2026-07-20T22:11:11
ECLERX.NS,India,12.51,2.19,earnings,eClerx Services Ltd (BOM:532927) Q4 2026 Earnings Call Highlights: Strong Financial Performance ...,48.0,-2.181,Mover (inconsistent),1/5 prior quarters same sign as current,"Contradicts SUE sign (Day 48, later window, SUE=-2.18) - likely fresh catalyst",,2026-07-17,2026-07-20T22:11:11
AIIL.NS,India,9.88,1.23,macro/sector,"India's federal investigator files new cases against Reliance Home Finance, Reliance Commercial",,,,,No recent earnings on record,,2026-07-17,2026-07-20T22:11:11
FEDERALBNK.NS,India,6.86,1.14,"earnings, regulatory/legal, macro/sector",The Federal Bank Ltd (LSE:FEDS) Q1 2027 Earnings Call Highlights: Strong Profit Growth and ...,1.0,-0.084,Mover (inconsistent),2/5 prior quarters same sign as current,"In drift window (Day 1) - SUE near zero, ambiguous signal",,2026-07-17,2026-07-20T22:11:11
KALYANKJIL.NS,India,5.09,0.29,earnings,Kalyan Jewellers India Ltd (BOM:543278) Q4 2026 Earnings Call Highlights: Record Revenue Growth ...,51.0,1.198,Stayer (persistent),4/5 prior quarters same sign as current,"Consistent with PEAD continuation, moderate confidence (Day 51, later window, SUE=1.20, persistent SUE history)",,2026-07-17,2026-07-20T22:11:11
AFCONS.NS,India,5.03,0.41,earnings,Afcons Infrastructure Ltd (NSE:AFCONS) Full Year 2026 Earnings Call Highlights: Navigating ...,44.0,-2.262,Mixed,2/4 prior quarters same sign as current,"Contradicts SUE sign (Day 44, later window, SUE=-2.26) - likely fresh catalyst",,2026-07-17,2026-07-20T22:11:11
TECHM.NS,India,4.14,0.74,"earnings, regulatory/legal, product/contract","IT, financials lead Indian benchmarks higher; Reliance, private banks up ahead of results",2.0,-0.633,Stayer (persistent),4/5 prior quarters same sign as current,"Contradicts SUE sign (Day 2, immediate window, SUE=-0.63) - likely fresh catalyst",,2026-07-17,2026-07-20T22:11:11
BHARATFORG.NS,India,4.08,1.05,earnings,"Exclusive-Top Indian arms makers held rare meetings in Russia on potential joint ventures, sources say",52.0,-0.129,Mover (inconsistent),1/5 prior quarters same sign as current,"Contradicts SUE sign (Day 52, later window, SUE=-0.13) - likely fresh catalyst",,2026-07-17,2026-07-20T22:11:11
AEGISLOG.NS,India,3.98,1.54,earnings,Aegis Logistics Ltd (BOM:500003) Q4 2026 Earnings Call Highlights: Record Profit Milestone and ...,36.0,3.832,Stayer (persistent),3/5 prior quarters same sign as current,"Consistent with PEAD continuation, moderate confidence (Day 36, later window, SUE=3.83, persistent SUE history)",,2026-07-17,2026-07-20T22:11:11
KOTAKBANK.NS,India,3.57,1.84,"earnings, regulatory/legal","Coca-Cola appoints JPMorgan, Citi for India bottler IPO, sources say",1.0,0.386,Stayer (persistent),3/5 prior quarters same sign as current,"Consistent with PEAD continuation, high confidence (Day 1, immediate window, SUE=0.39, persistent SUE history)",,2026-07-17,2026-07-20T22:11:11
ZFCVINDIA.NS,India,3.42,2.1,earnings,ZF Commercial Vehicle Control Systems India Ltd (BOM:533023) Q4 2026 Earnings Call Highlights: ...,48.0,-0.37,Mover (inconsistent),1/5 prior quarters same sign as current,"Contradicts SUE sign (Day 48, later window, SUE=-0.37) - likely fresh catalyst",,2026-07-17,2026-07-20T22:11:11
SNDK,US,14.27,0.97,earnings,Why GM's memory chip guidance could help stabilize stocks like Micron and Sandisk,58,2.369,Stayer (persistent),4/4 prior quarters same sign as current,"Consistent with PEAD continuation, moderate confidence (Day 58, later window, SUE=2.37, persistent SUE history)",,2026-07-21,2026-07-21T22:11:11
WDC,US,12.51,1.01,earnings,"Dow Jones Futures: S&P 500 Regains 50-Day As Sandisk, Micron Soar; Google, Tesla Earnings Due",58,1.628,Stayer (persistent),4/5 prior quarters same sign as current,"Consistent with PEAD continuation, moderate confidence (Day 58, later window, SUE=1.63, persistent SUE history)",,2026-07-21,2026-07-21T22:11:11
MU,US,12.17,1.11,earnings,Why GM's memory chip guidance could help stabilize stocks like Micron and Sandisk,19,4.061,Stayer (persistent),5/5 prior quarters same sign as current,"Consistent with PEAD continuation, moderate confidence (Day 19, later window, SUE=4.06, persistent SUE history)",,2026-07-21,2026-07-21T22:11:11
TER,US,12.07,1.31,earnings,"Seagate, Western Digital, FormFactor, Amkor, and Teradyne Shares Are Soaring, What You Need To Know",59,4.09,Stayer (persistent),5/5 prior quarters same sign as current,"Consistent with PEAD continuation, moderate confidence (Day 59, later window, SUE=4.09, persistent SUE history)",,2026-07-21,2026-07-21T22:11:11
COHR,US,11.15,1.07,upgrade/downgrade,AAOI's Optical Networking Demand Rise: A Sign for More Upside?,54,0.165,Stayer (persistent),5/5 prior quarters same sign as current,"Consistent with PEAD continuation, moderate confidence (Day 54, later window, SUE=0.16, persistent SUE history)",,2026-07-21,2026-07-21T22:11:11
STX,US,11.14,1.23,earnings,"Dow Jones Futures: S&P 500 Regains 50-Day As Sandisk, Micron Soar; Google, Tesla Earnings Due",59,2.783,Stayer (persistent),5/5 prior quarters same sign as current,"Consistent with PEAD continuation, moderate confidence (Day 59, later window, SUE=2.78, persistent SUE history)",,2026-07-21,2026-07-21T22:11:11
COIN,US,9.61,2.24,unclassified - check headlines manually,Coinbase Global Has Big Plans For The Canadian Market,53,-0.788,Mover (inconsistent),2/5 prior quarters same sign as current,"Contradicts SUE sign (Day 53, later window, SUE=-0.79) - likely fresh catalyst",,2026-07-21,2026-07-21T22:11:11
LITE,US,9.41,0.98,"earnings, upgrade/downgrade",Why Lumentum (LITE) is Poised to Beat Earnings Estimates Again,54,1.009,Stayer (persistent),5/5 prior quarters same sign as current,"Consistent with PEAD continuation, moderate confidence (Day 54, later window, SUE=1.01, persistent SUE history)",,2026-07-21,2026-07-21T22:11:11
HAS,US,8.81,3.72,earnings,Meet The 'Magic' Behind Hasbro's Growth,49,,N/A - no analyst estimate for most recent report,SUE history exists for older quarters but not the most recent report; persistence can't be judged without a current SUE to compare,"In drift window (Day 49) - SUE unavailable, verify manually",,2026-07-21,2026-07-21T22:11:11
INTC,US,8.64,1.01,earnings,Tech stocks live: Tech-heavy Nasdaq climbs ahead of Big Tech earnings kickoff,63,1.224,Stayer (persistent),3/5 prior quarters same sign as current,"Consistent with PEAD continuation, moderate confidence (Day 63, later window, SUE=1.22, persistent SUE history)",,2026-07-21,2026-07-21T22:11:11
PNB.NS,India,5.66,1.04,"earnings, regulatory/legal","India's PNB eyes faster credit growth in fiscal 2028 after pruning low-yield loans, CEO says",1,1.471,Stayer (persistent),4/5 prior quarters same sign as current,"Consistent with PEAD continuation, high confidence (Day 1, immediate window, SUE=1.47, persistent SUE history)",,2026-07-20,2026-07-21T22:11:11
TORNTPHARM.NS,India,5.09,0.21,"earnings, M&A, regulatory/legal",Torrent Pharmaceuticals Ltd (BOM:500420) Q4 2026 Earnings Call Highlights: Robust Revenue ...,42,-1.321,Stayer (persistent),3/5 prior quarters same sign as current,"Contradicts SUE sign (Day 42, later window, SUE=-1.32) - likely fresh catalyst",,2026-07-20,2026-07-21T22:11:11
JSWENERGY.NS,India,4.9,0.58,earnings,Energy & Utilities Roundup: Market Talk,50,1.833,Stayer (persistent),3/5 prior quarters same sign as current,"Consistent with PEAD continuation, moderate confidence (Day 50, later window, SUE=1.83, persistent SUE history)",,2026-07-20,2026-07-21T22:11:11
SCHNEIDER.NS,India,4.89,0.82,earnings,Schneider Electric Infrastructure Ltd (BOM:534139) Q3 2026 Earnings Call Highlights: Record ...,38,-1.996,Stayer (persistent),3/5 prior quarters same sign as current,"Contradicts SUE sign (Day 38, later window, SUE=-2.00) - likely fresh catalyst",,2026-07-20,2026-07-21T22:11:11
GABRIEL.NS,India,4.59,2.96,product/contract,"SK Enmove, Gabriel India to form lubricants partnership",39,,N/A - no analyst estimate for most recent report,SUE history exists for older quarters but not the most recent report; persistence can't be judged without a current SUE to compare,"In drift window (Day 39) - SUE unavailable, verify manually",,2026-07-20,2026-07-21T22:11:11
UNIONBANK.NS,India,4.43,1.47,"earnings, M&A, regulatory/legal, macro/sector",Union Bank of India (BOM:532477) Q1 2027 Earnings Call Highlights: Record Profit and Strategic ...,4,1.223,Stayer (persistent),4/5 prior quarters same sign as current,"Consistent with PEAD continuation, high confidence (Day 4, immediate window, SUE=1.22, persistent SUE history)",,2026-07-20,2026-07-21T22:11:11
EMCURE.NS,India,4.37,1.57,"earnings, product/contract",Emcure Pharmaceuticals Ltd (BOM:544210) Q3 2026 Earnings Call Highlights: Strong Revenue Growth ...,54,0.834,Stayer (persistent),4/5 prior quarters same sign as current,"Consistent with PEAD continuation, moderate confidence (Day 54, later window, SUE=0.83, persistent SUE history)",,2026-07-20,2026-07-21T22:11:11
OIL.NS,India,4.18,0.46,"earnings, macro/sector",Oil India identifies natural gas in second Andaman offshore well,49,0.81,Mover (inconsistent),0/5 prior quarters same sign as current,"Directionally consistent but LOW confidence (Day 49, later window, SUE=0.81) - this stock's SUE history is inconsistent (mover, not stayer) -- per Kettell et al. 2022, movers show ~no significant drift",,2026-07-20,2026-07-21T22:11:11
FLUOROCHEM.NS,India,4.13,3.59,earnings,Gujarat Fluorochemicals Ltd (BOM:542812) Q4 2026 Earnings Call Highlights: Strong Growth in ...,39,-0.017,Stayer (persistent),3/5 prior quarters same sign as current,"In drift window (Day 39) - SUE near zero, ambiguous signal",,2026-07-20,2026-07-21T22:11:11
SAREGAMA.NS,India,3.9,0.55,earnings,Saregama India Ltd (BOM:532163) Q3 2026 Earnings Call Highlights: Strategic Investments and ...,375,0.559,Mover (inconsistent),1/5 prior quarters same sign as current,Outside typical PEAD window (Day 375),,2026-07-20,2026-07-21T22:11:11
SMCI,US,19.84,5.33,earnings,"Stock market today: Dow, S&P 500, Nasdaq slip as oil prices rise, Alphabet and Tesla earnings in focus",55,2.897,Stayer (persistent),3/5 prior quarters same sign as current,"Consistent with PEAD continuation, moderate confidence (Day 55, later window, SUE=2.90, persistent SUE history)",,2026-07-22,2026-07-22T22:14:19
WAB,US,10.04,4.27,earnings,S&P 500 Stock Chugs Past Buy Point; CSX Rises Late On Earnings,64,,N/A - no analyst estimate for most recent report,SUE history exists for older quarters but not the most recent report; persistence can't be judged without a current SUE to compare,"In drift window (Day 64) - SUE unavailable, verify manually",,2026-07-22,2026-07-22T22:14:19
DELL,US,9.32,1.04,earnings,Is Dell Technologies (DELL) Undervalued On AI Server Volatility?,39,4.54,Stayer (persistent),4/5 prior quarters same sign as current,"Consistent with PEAD continuation, moderate confidence (Day 39, later window, SUE=4.54, persistent SUE history)",,2026-07-22,2026-07-22T22:14:19
EQT,US,8.45,2.41,earnings,Why EQT Corporation Rallied Today,0,-0.073,Mover (inconsistent),0/5 prior quarters same sign as current,Day 0 earnings reaction (not drift yet),,2026-07-22,2026-07-22T22:14:19
NRG,US,6.37,1.36,earnings,"Here is What to Know Beyond Why NRG Energy, Inc. (NRG) is a Trending Stock",54,-0.171,Mover (inconsistent),0/5 prior quarters same sign as current,"Contradicts SUE sign (Day 54, later window, SUE=-0.17) - likely fresh catalyst",,2026-07-22,2026-07-22T22:14:19
EXE,US,5.18,1.17,earnings,"Move Over, Micron: Expert Predicts New Industry Will Soon Have Microsoft, Amazon, and Data Centers Over a Barrel",60,0.131,Stayer (persistent),4/5 prior quarters same sign as current,"Consistent with PEAD continuation, moderate confidence (Day 60, later window, SUE=0.13, persistent SUE history)",,2026-07-22,2026-07-22T22:14:19
CME,US,5.0,1.44,"earnings, product/contract",CME Group Inc (CME) Q2 2026 Earnings Call Highlights: Record Revenue and Strategic Focus Amid ...,64,,N/A - no analyst estimate for most recent report,SUE history exists for older quarters but not the most recent report; persistence can't be judged without a current SUE to compare,"In drift window (Day 64) - SUE unavailable, verify manually",,2026-07-22,2026-07-22T22:14:19
CEG,US,4.84,1.3,product/contract,Nuclear Stocks Rally Off Lows On Milestone U.S. Deal And AI Program,51,0.324,Stayer (persistent),3/5 prior quarters same sign as current,"Consistent with PEAD continuation, moderate confidence (Day 51, later window, SUE=0.32, persistent SUE history)",,2026-07-22,2026-07-22T22:14:19
IP,US,4.79,0.75,unclassified - check headlines manually,International Paper expands board with two new appointments,59,0.037,Mover (inconsistent),0/5 prior quarters same sign as current,"In drift window (Day 59) - SUE near zero, ambiguous signal",,2026-07-22,2026-07-22T22:14:19
FCX,US,3.9,1.08,earnings,Kronos Worldwide and Baidu have been highlighted as Zacks Bull and Bear of the Day,64,1.891,Stayer (persistent),5/5 prior quarters same sign as current,"Consistent with PEAD continuation, moderate confidence (Day 64, later window, SUE=1.89, persistent SUE history)",,2026-07-22,2026-07-22T22:14:19
KARURVYSYA.NS,India,13.06,1.37,"earnings, regulatory/legal, macro/sector",Karur Vysya Bank Ltd (BOM:590003) Q1 2027 Earnings Call Highlights: Strong Growth in Net Profit ...,1,0.588,Stayer (persistent),4/5 prior quarters same sign as current,"Consistent with PEAD continuation, high confidence (Day 1, immediate window, SUE=0.59, persistent SUE history)",,2026-07-21,2026-07-22T22:14:19
M&MFIN.NS,India,8.46,13.2,"earnings, macro/sector",Mahindra & Mahindra Financial Services Ltd (BOM:532720) Q1 2027 Earnings Call Highlights: ...,34,0.316,Stayer (persistent),5/5 prior quarters same sign as current,"Consistent with PEAD continuation, moderate confidence (Day 34, later window, SUE=0.32, persistent SUE history)",,2026-07-21,2026-07-22T22:14:19
FLUOROCHEM.NS,India,6.74,0.81,earnings,Gujarat Fluorochemicals Ltd (BOM:542812) Q4 2026 Earnings Call Highlights: Strong Growth in ...,40,-0.017,Stayer (persistent),3/5 prior quarters same sign as current,"In drift window (Day 40) - SUE near zero, ambiguous signal",,2026-07-21,2026-07-22T22:14:19
GABRIEL.NS,India,6.47,2.32,product/contract,"SK Enmove, Gabriel India to form lubricants partnership",0,0.782,Mover (inconsistent),1/5 prior quarters same sign as current,Day 0 earnings reaction (not drift yet),,2026-07-21,2026-07-22T22:14:19
DATAPATTNS.NS,India,6.34,13.2,earnings,Data Patterns (India) Ltd (BOM:543428) Q4 2026 Earnings Call Highlights: Robust Order Growth ...,49,-0.358,Mover (inconsistent),1/5 prior quarters same sign as current,"Contradicts SUE sign (Day 49, later window, SUE=-0.36) - likely fresh catalyst",,2026-07-21,2026-07-22T22:14:19
TVSMOTOR.NS,India,5.62,3.84,earnings,TVS Motor Co Ltd (BOM:532343) Q1 2027 Earnings Call Highlights: Robust Growth Amidst Market ...,0,2.88,Mover (inconsistent),2/5 prior quarters same sign as current,Day 0 earnings reaction (not drift yet),,2026-07-21,2026-07-22T22:14:19
JPPOWER.NS,India,5.09,0.68,unclassified - check headlines manually,(no headline found),2795,1.487,Mover (inconsistent),2/5 prior quarters same sign as current,Outside typical PEAD window (Day 2795),,2026-07-21,2026-07-22T22:14:19
HFCL.NS,India,4.78,3.11,earnings,India's AI Infrastructure Winners Add $47 Billion as Sterlite Jumps 500%,1939,0.151,Mover (inconsistent),2/5 prior quarters same sign as current,Outside typical PEAD window (Day 1939),,2026-07-21,2026-07-22T22:14:19
NUVOCO.NS,India,4.54,0.17,unclassified - check headlines manually,(no headline found),6,0.072,Stayer (persistent),4/5 prior quarters same sign as current,"In drift window (Day 6) - SUE near zero, ambiguous signal",,2026-07-21,2026-07-22T22:14:19
ACE.NS,India,4.43,0.64,earnings,Action Construction Equipment Ltd (BOM:532762) Q4 2026 Earnings Call Highlights: Record Revenue ...,704,1.705,Mover (inconsistent),2/5 prior quarters same sign as current,Outside typical PEAD window (Day 704),,2026-07-21,2026-07-22T22:14:19
LMT,US,10.54,3.51,earnings,Why Are Lockheed Martin (LMT) Shares Soaring Today,64,,N/A - no analyst estimate for most recent report,SUE history exists for older quarters but not the most recent report; persistence can't be judged without a current SUE to compare,"In drift window (Day 64) - SUE unavailable, verify manually",,2026-07-23,2026-07-23T22:11:37
ALLE,US,10.45,3.39,earnings,Allegion plc Q2 2026 Earnings Call Summary,61,,N/A - no analyst estimate for most recent report,SUE history exists for older quarters but not the most recent report; persistence can't be judged without a current SUE to compare,"In drift window (Day 61) - SUE unavailable, verify manually",,2026-07-23,2026-07-23T22:11:37
URI,US,10.11,2.59,earnings,United Rentals Inc (URI) Q2 2026 Earnings Call Highlights: Record Revenue and Raised Guidance ...,0,1.913,Mover (inconsistent),2/5 prior quarters same sign as current,Day 0 earnings reaction (not drift yet),,2026-07-23,2026-07-23T22:11:37
TMO,US,8.71,2.99,earnings,Thermo Fisher Scientific Inc (TMO) Q2 2026 Earnings Call Highlights: Strong Revenue Growth and ...,64,,N/A - no analyst estimate for most recent report,SUE history exists for older quarters but not the most recent report; persistence can't be judged without a current SUE to compare,"In drift window (Day 64) - SUE unavailable, verify manually",,2026-07-23,2026-07-23T22:11:37
DGX,US,8.61,3.96,earnings,Quest Diagnostics Inc (DGX) Q2 2026 Earnings Call Highlights: Strong Revenue Growth Amid ...,66,,N/A - no analyst estimate for most recent report,SUE history exists for older quarters but not the most recent report; persistence can't be judged without a current SUE to compare,"In drift window (Day 66) - SUE unavailable, verify manually",,2026-07-23,2026-07-23T22:11:37
DHR,US,7.46,1.49,earnings,"The 'Standout Performance' That Could Save Thermo Fisher, Danaher And Others",1,0.555,Stayer (persistent),5/5 prior quarters same sign as current,"Consistent with PEAD continuation, high confidence (Day 1, immediate window, SUE=0.55, persistent SUE history)",,2026-07-23,2026-07-23T22:11:37
RTX,US,7.33,2.54,earnings,Industrial Stocks And This ETF Claw Gains From A Falling Market,66,,N/A - no analyst estimate for most recent report,SUE history exists for older quarters but not the most recent report; persistence can't be judged without a current SUE to compare,"In drift window (Day 66) - SUE unavailable, verify manually",,2026-07-23,2026-07-23T22:11:37
CSX,US,5.77,2.33,earnings,Industrial Stocks And This ETF Claw Gains From A Falling Market,0,0.915,Stayer (persistent),3/5 prior quarters same sign as current,Day 0 earnings reaction (not drift yet),,2026-07-23,2026-07-23T22:11:37
HON,US,5.7,2.16,earnings,Honeywell stock jumps on Q2 earnings: Why it's a 'solid start' for the company,64,,N/A - no analyst estimate for most recent report,SUE history exists for older quarters but not the most recent report; persistence can't be judged without a current SUE to compare,"In drift window (Day 64) - SUE unavailable, verify manually",,2026-07-23,2026-07-23T22:11:37
ROP,US,5.47,1.97,earnings,Industrial Stocks And This ETF Claw Gains From A Falling Market,64,,N/A - no analyst estimate for most recent report,SUE history exists for older quarters but not the most recent report; persistence can't be judged without a current SUE to compare,"In drift window (Day 64) - SUE unavailable, verify manually",,2026-07-23,2026-07-23T22:11:37
DATAPATTNS.NS,India,12.7,1.07,earnings,Data Patterns (India) Ltd (BOM:543428) Q4 2026 Earnings Call Highlights: Robust Order Growth ...,49,-0.358,Mover (inconsistent),1/5 prior quarters same sign as current,"Contradicts SUE sign (Day 49, later window, SUE=-0.36) - likely fresh catalyst",,2026-07-22,2026-07-23T22:11:37
M&MFIN.NS,India,8.09,0.76,"earnings, macro/sector",Mahindra & Mahindra Financial Services Ltd (BOM:532720) Q1 2027 Earnings Call Highlights: ...,35,0.316,Stayer (persistent),5/5 prior quarters same sign as current,"Consistent with PEAD continuation, moderate confidence (Day 35, later window, SUE=0.32, persistent SUE history)",,2026-07-22,2026-07-23T22:11:37
BAJAJ-AUTO.NS,India,5.72,1.52,"earnings, regulatory/legal",Bajaj Auto Ltd (BOM:532977) Q1 2027 Earnings Call Highlights: Record Growth and Strategic Expansions,1,1.828,Stayer (persistent),5/5 prior quarters same sign as current,"Consistent with PEAD continuation, high confidence (Day 1, immediate window, SUE=1.83, persistent SUE history)",,2026-07-22,2026-07-23T22:11:37
CRISIL.NS,India,4.48,0.73,earnings,Emerald Finance Ltd (BOM:538882) Q4 2026 Earnings Call Highlights: Strong Income Growth and ...,1,0.397,Mover (inconsistent),1/5 prior quarters same sign as current,"Directionally consistent but LOW confidence (Day 1, immediate window, SUE=0.40) - this stock's SUE history is inconsistent (mover, not stayer) -- per Kettell et al. 2022, movers show ~no significant drift",,2026-07-22,2026-07-23T22:11:37
CHENNPETRO.NS,India,3.95,2.94,earnings,"Indian Oil to team up with Vitol in global trading push, source says",1431,-1.899,Mover (inconsistent),2/5 prior quarters same sign as current,Outside typical PEAD window (Day 1431),,2026-07-22,2026-07-23T22:11:37
RRKABEL.NS,India,3.71,0.62,"earnings, product/contract",R R Kabel Ltd (BOM:543981) Q4 2026 Earnings Call Highlights: Record Revenue and Strategic ...,59,1.297,Stayer (persistent),4/5 prior quarters same sign as current,"Consistent with PEAD continuation, moderate confidence (Day 59, later window, SUE=1.30, persistent SUE history)",,2026-07-22,2026-07-23T22:11:37
KALYANKJIL.NS,India,3.31,0.25,earnings,Kalyan Jewellers India Ltd (BOM:543278) Q4 2026 Earnings Call Highlights: Record Revenue Growth ...,54,1.198,Stayer (persistent),4/5 prior quarters same sign as current,"Consistent with PEAD continuation, moderate confidence (Day 54, later window, SUE=1.20, persistent SUE history)",,2026-07-22,2026-07-23T22:11:37
EMAMILTD.NS,India,3.22,1.02,earnings,Emami Ltd (BOM:531162) Q4 2026 Earnings Call Highlights: Navigating Challenges with Strategic Growth,44,0.169,Stayer (persistent),4/5 prior quarters same sign as current,"Consistent with PEAD continuation, moderate confidence (Day 44, later window, SUE=0.17, persistent SUE history)",,2026-07-22,2026-07-23T22:11:37
CARTRADE.NS,India,3.07,0.34,"earnings, upgrade/downgrade",CarTrade Tech (NSEI:CARTRADE) Stock Sees Fair Value Lift As Growth Assumptions Improve,54,0.435,Stayer (persistent),4/5 prior quarters same sign as current,"Consistent with PEAD continuation, moderate confidence (Day 54, later window, SUE=0.43, persistent SUE history)",,2026-07-22,2026-07-23T22:11:37
TVSMOTOR.NS,India,3.05,1.54,earnings,TVS Motor Co Ltd (BOM:532343) Q1 2027 Earnings Call Highlights: Robust Growth Amidst Market ...,1,2.88,Mover (inconsistent),2/5 prior quarters same sign as current,"Directionally consistent but LOW confidence (Day 1, immediate window, SUE=2.88) - this stock's SUE history is inconsistent (mover, not stayer) -- per Kettell et al. 2022, movers show ~no significant drift",,2026-07-22,2026-07-23T22:11:37
IP,US,11.21,2.27,unclassified - check headlines manually,1 S&P 500 Stock Worth Investigating and 2 Facing Challenges,60.0,0.037,Mover (inconsistent),0/5 prior quarters same sign as current,"In drift window (Day 60) - SUE near zero, ambiguous signal",,2026-07-24,2026-07-24T22:13:18
SW,US,11.1,2.14,"earnings, product/contract",How Investors May Respond To Smurfit Westrock (SW) Lowered EPS Forecasts Despite Rising Revenue,60.0,-0.576,Stayer (persistent),4/5 prior quarters same sign as current,"Contradicts SUE sign (Day 60, later window, SUE=-0.58) - likely fresh catalyst",,2026-07-24,2026-07-24T22:13:18
SLB,US,11.01,2.32,earnings,SLB Ltd (SLB) Q2 2026 Earnings Call Highlights: Strong Digital Growth Amid Middle East Challenges,64.0,,N/A - no analyst estimate for most recent report,SUE history exists for older quarters but not the most recent report; persistence can't be judged without a current SUE to compare,"In drift window (Day 64) - SUE unavailable, verify manually",,2026-07-24,2026-07-24T22:13:18
DLR,US,11.01,4.06,macro/sector,"Update: US Equity Indexes Mixed as Media Speculation of Iran Peace Talks Sends Crude Oil, Treasury Yields Lower",0.0,-0.788,Mover (inconsistent),0/5 prior quarters same sign as current,Day 0 earnings reaction (not drift yet),,2026-07-24,2026-07-24T22:13:18
PKG,US,8.76,1.73,earnings,"PCA reiterates ‘tight’ containerboard market, higher demand",1.0,0.202,Stayer (persistent),3/5 prior quarters same sign as current,"Consistent with PEAD continuation, high confidence (Day 1, immediate window, SUE=0.20, persistent SUE history)",,2026-07-24,2026-07-24T22:13:18
NOW,US,7.44,1.07,"earnings, product/contract",Big Tech Earnings Week is Over. Who Won and Lost?,1.0,1.335,Stayer (persistent),4/5 prior quarters same sign as current,"Consistent with PEAD continuation, high confidence (Day 1, immediate window, SUE=1.33, persistent SUE history)",,2026-07-24,2026-07-24T22:13:18
VRSN,US,7.04,2.68,earnings,VeriSign (VRSN) Stock Looks Strong On Cash Flow Yet Stretched On Earnings,0.0,0.201,Stayer (persistent),4/5 prior quarters same sign as current,Day 0 earnings reaction (not drift yet),,2026-07-24,2026-07-24T22:13:18
GDDY,US,6.32,0.71,"earnings, product/contract",GoDaddy (GDDY) Earnings Expected to Grow: What to Know Ahead of Next Week's Release,60.0,0.039,Mover (inconsistent),2/5 prior quarters same sign as current,"In drift window (Day 60) - SUE near zero, ambiguous signal",,2026-07-24,2026-07-24T22:13:18
ADBE,US,6.1,0.88,"M&A, upgrade/downgrade",What Could Push ADSK Stock Higher From Here?,30.0,2.197,Stayer (persistent),5/5 prior quarters same sign as current,"Consistent with PEAD continuation, moderate confidence (Day 30, later window, SUE=2.20, persistent SUE history)",,2026-07-24,2026-07-24T22:13:18
ACN,US,5.95,0.61,unclassified - check headlines manually,How Long IBM Stock Could Stay Underwater,25.0,1.119,Stayer (persistent),5/5 prior quarters same sign as current,"Consistent with PEAD continuation, moderate confidence (Day 25, later window, SUE=1.12, persistent SUE history)",,2026-07-24,2026-07-24T22:13:18
NTPCGREEN.NS,India,6.48,1.11,"earnings, macro/sector",NTPC Ltd (BOM:532555) Q4 2026 Earnings Call Highlights: Profit Surge Amid Revenue Dip,,,,,No recent earnings on record,,2026-07-23,2026-07-24T22:13:18
CPPLUS.NS,India,4.83,0.83,unclassified - check headlines manually,(no headline found),41.0,1.531,Insufficient history,Fewer than 2 prior quarters with usable SUE data,"Consistent with PEAD continuation, low confidence (Day 41, later window, SUE=1.53, insufficient history to assess persistence)",,2026-07-23,2026-07-24T22:13:18
GRAPHITE.NS,India,4.5,2.99,unclassified - check headlines manually,(no headline found),40.0,-0.925,Stayer (persistent),3/5 prior quarters same sign as current,"Contradicts SUE sign (Day 40, later window, SUE=-0.92) - likely fresh catalyst",,2026-07-23,2026-07-24T22:13:18
HEG.NS,India,4.17,2.04,earnings,HEG Ltd (BOM:509631) Q3 2026 Earnings Call Highlights: Record Profits Amid Market Challenges,1.0,-0.512,Stayer (persistent),4/5 prior quarters same sign as current,"Contradicts SUE sign (Day 1, immediate window, SUE=-0.51) - likely fresh catalyst",,2026-07-23,2026-07-24T22:13:18
HEROMOTOCO.NS,India,3.74,1.06,"earnings, product/contract","India's Ather Energy to raise $125 million via share issue, warrants",56.0,-0.149,Mover (inconsistent),1/5 prior quarters same sign as current,"Contradicts SUE sign (Day 56, later window, SUE=-0.15) - likely fresh catalyst",,2026-07-23,2026-07-24T22:13:18
MAPMYINDIA.NS,India,3.59,0.38,earnings,CE Info Systems Ltd (BOM:543425) Q4 2026 Earnings Call Highlights: Strong Financial Performance ...,46.0,0.138,Mover (inconsistent),2/5 prior quarters same sign as current,"Directionally consistent but LOW confidence (Day 46, later window, SUE=0.14) - this stock's SUE history is inconsistent (mover, not stayer) -- per Kettell et al. 2022, movers show ~no significant drift",,2026-07-23,2026-07-24T22:13:18
NUVAMA.NS,India,3.44,10.23,"earnings, M&A, upgrade/downgrade",General Atlantic in talks to buy PAG’s stake in Nuvama Wealth – report,52.0,0.832,Stayer (persistent),3/5 prior quarters same sign as current,"Consistent with PEAD continuation, moderate confidence (Day 52, later window, SUE=0.83, persistent SUE history)",,2026-07-23,2026-07-24T22:13:18
LLOYDSME.NS,India,3.15,0.98,earnings,Lloyds Metals & Energy Ltd (BOM:512455) Q3 2026 Earnings Call Highlights: Record Revenue ...,56.0,-2.346,Stayer (persistent),4/5 prior quarters same sign as current,"Contradicts SUE sign (Day 56, later window, SUE=-2.35) - likely fresh catalyst",,2026-07-23,2026-07-24T22:13:18
BAJAJ-AUTO.NS,India,2.59,0.59,"earnings, regulatory/legal",Bajaj Auto Ltd (BOM:532977) Q1 2027 Earnings Call Highlights: Record Growth and Strategic Expansions,1.0,1.828,Stayer (persistent),5/5 prior quarters same sign as current,"Consistent with PEAD continuation, high confidence (Day 1, immediate window, SUE=1.83, persistent SUE history)",,2026-07-23,2026-07-24T22:13:18
SBILIFE.NS,India,2.59,1.35,earnings,SBI Life Insurance Co Ltd (NSE:SBILIFE) Q1 2027 Earnings Call Highlights: Strong Growth in New ...,66.0,,N/A - no analyst estimate for most recent report,SUE history exists for older quarters but not the most recent report; persistence can't be judged without a current SUE to compare,"In drift window (Day 66) - SUE unavailable, verify manually",,2026-07-23,2026-07-24T22:13:18
ADBE,US,12.06,1.04,earnings,Nvidia Forms AI Security Alliance After Hugging Face Incident,32,2.197,Stayer (persistent),5/5 prior quarters same sign as current,"Consistent with PEAD continuation, moderate confidence (Day 32, later window, SUE=2.20, persistent SUE history)",,2026-07-27,2026-07-27T22:15:02
TRMB,US,10.76,1.22,upgrade/downgrade,What Could Push ADSK Stock Higher From Here?,58,1.497,Stayer (persistent),5/5 prior quarters same sign as current,"Consistent with PEAD continuation, moderate confidence (Day 58, later window, SUE=1.50, persistent SUE history)",,2026-07-27,2026-07-27T22:15:02
PTC,US,10.76,0.66,"earnings, product/contract",PTC Gears Up to Report Q3 Earnings: What's in the Offing?,58,2.161,Stayer (persistent),5/5 prior quarters same sign as current,"Consistent with PEAD continuation, moderate confidence (Day 58, later window, SUE=2.16, persistent SUE history)",,2026-07-27,2026-07-27T22:15:02
WDAY,US,9.01,1.7,unclassified - check headlines manually,Stock Market Today: Dow Up As These Stocks Test Entries; This AI Play Fights Back Before Key Event (Live Coverage),47,1.599,Stayer (persistent),5/5 prior quarters same sign as current,"Consistent with PEAD continuation, moderate confidence (Day 47, later window, SUE=1.60, persistent SUE history)",,2026-07-27,2026-07-27T22:15:02
INTU,US,7.95,0.99,earnings,Software Is Beating Chips for Once. It May Not Be a Flash in the Pan.,48,0.808,Stayer (persistent),5/5 prior quarters same sign as current,"Consistent with PEAD continuation, moderate confidence (Day 48, later window, SUE=0.81, persistent SUE history)",,2026-07-27,2026-07-27T22:15:02
ADSK,US,7.7,1.04,earnings,ADBE Showered Owners With Cash. The Stock Still Lagged The Market,42,2.713,Stayer (persistent),5/5 prior quarters same sign as current,"Consistent with PEAD continuation, moderate confidence (Day 42, later window, SUE=2.71, persistent SUE history)",,2026-07-27,2026-07-27T22:15:02
EXPE,US,7.09,0.92,"earnings, regulatory/legal, product/contract",3 Reasons Growth Investors Will Love Expedia (EXPE),57,1.1,Stayer (persistent),5/5 prior quarters same sign as current,"Consistent with PEAD continuation, moderate confidence (Day 57, later window, SUE=1.10, persistent SUE history)",,2026-07-27,2026-07-27T22:15:02
PLTR,US,7.0,1.17,"earnings, upgrade/downgrade",SpaceX stock plunge sends a big reminder to those who want to get in on or near IPO day,59,2.386,Stayer (persistent),4/5 prior quarters same sign as current,"Consistent with PEAD continuation, moderate confidence (Day 59, later window, SUE=2.39, persistent SUE history)",,2026-07-27,2026-07-27T22:15:02
NOW,US,6.86,1.12,unclassified - check headlines manually,"Stock Market Today, July 27: Dow Rises on Oil Retreat, and Sandisk Plunges 11% on Memory Weakness",3,1.335,Stayer (persistent),4/5 prior quarters same sign as current,"Consistent with PEAD continuation, high confidence (Day 3, immediate window, SUE=1.33, persistent SUE history)",,2026-07-27,2026-07-27T22:15:02
AXON,US,6.83,1.18,unclassified - check headlines manually,3 S&P 500 Stocks with Exciting Potential,58,0.035,Stayer (persistent),4/5 prior quarters same sign as current,"In drift window (Day 58) - SUE near zero, ambiguous signal",,2026-07-27,2026-07-27T22:15:02
ACE.NS,India,6.17,0.61,earnings,Action Construction Equipment Ltd (BOM:532762) Q4 2026 Earnings Call Highlights: Record Revenue ...,707,1.705,Mover (inconsistent),2/5 prior quarters same sign as current,Outside typical PEAD window (Day 707),,2026-07-24,2026-07-27T22:15:02
KPITTECH.NS,India,5.86,1.68,earnings,KPIT Technologies Ltd (BOM:542651) Q3 2026 Earnings Call Highlights: Navigating Growth and ...,58,-1.737,Stayer (persistent),4/5 prior quarters same sign as current,"Contradicts SUE sign (Day 58, later window, SUE=-1.74) - likely fresh catalyst",,2026-07-24,2026-07-27T22:15:02
PVRINOX.NS,India,5.61,2.85,earnings,India's PVR INOX posts quarterly profit on higher per-customer spending,2,0.133,Mover (inconsistent),2/5 prior quarters same sign as current,"Directionally consistent but LOW confidence (Day 2, immediate window, SUE=0.13) - this stock's SUE history is inconsistent (mover, not stayer) -- per Kettell et al. 2022, movers show ~no significant drift",,2026-07-24,2026-07-27T22:15:02
RRKABEL.NS,India,4.85,3.04,"earnings, product/contract",R R Kabel Ltd (BOM:543981) Q4 2026 Earnings Call Highlights: Record Revenue and Strategic ...,62,,N/A - no analyst estimate for most recent report,SUE history exists for older quarters but not the most recent report; persistence can't be judged without a current SUE to compare,"In drift window (Day 62) - SUE unavailable, verify manually",,2026-07-24,2026-07-27T22:15:02
ATUL.NS,India,4.53,4.17,unclassified - check headlines manually,(no headline found),1,2.913,Mover (inconsistent),2/5 prior quarters same sign as current,"Directionally consistent but LOW confidence (Day 1, immediate window, SUE=2.91) - this stock's SUE history is inconsistent (mover, not stayer) -- per Kettell et al. 2022, movers show ~no significant drift",,2026-07-24,2026-07-27T22:15:02
TATAELXSI.NS,India,4.44,0.74,earnings,India's Tata Elxsi logs quarterly profit rise on higher tech spending from media clients,9,-1.591,Mover (inconsistent),2/5 prior quarters same sign as current,"Contradicts SUE sign (Day 9, later window, SUE=-1.59) - likely fresh catalyst",,2026-07-24,2026-07-27T22:15:02
LALPATHLAB.NS,India,4.27,6.03,earnings,Dr. Lal PathLabs Ltd (BOM:539524) Q1 2027 Earnings Call Highlights: Record Revenue Growth and ...,1,-0.78,Mover (inconsistent),2/5 prior quarters same sign as current,"Contradicts SUE sign (Day 1, immediate window, SUE=-0.78) - likely fresh catalyst",,2026-07-24,2026-07-27T22:15:02
GODFRYPHLP.NS,India,4.06,7.19,unclassified - check headlines manually,(no headline found),377,1.872,Stayer (persistent),3/5 prior quarters same sign as current,Outside typical PEAD window (Day 377),,2026-07-24,2026-07-27T22:15:02
PERSISTENT.NS,India,3.97,1.13,"earnings, M&A, product/contract",India's Persistent shares slump after $1.1 billion offer to buy Germany's Nagarro,69,-0.348,Mover (inconsistent),0/5 prior quarters same sign as current,"Contradicts SUE sign (Day 69, later window, SUE=-0.35) - likely fresh catalyst",,2026-07-24,2026-07-27T22:15:02
ZENSARTECH.NS,India,3.87,0.46,earnings,Zensar Technologies Ltd (BOM:504067) Q3 2026 Earnings Call Highlights: Navigating Growth Amidst ...,66,1.007,Stayer (persistent),5/5 prior quarters same sign as current,"Consistent with PEAD continuation, moderate confidence (Day 66, later window, SUE=1.01, persistent SUE history)",,2026-07-24,2026-07-27T22:15:02
IQV,US,13.94,3.85,earnings,IQVIA Holdings Inc (IQV) Q2 2026 Earnings Call Highlights: Strong Revenue Growth and AI-Driven ...,59,,N/A - no analyst estimate for most recent report,SUE history exists for older quarters but not the most recent report; persistence can't be judged without a current SUE to compare,"In drift window (Day 59) - SUE unavailable, verify manually",,2026-07-28,2026-07-28T22:13:01
IT,US,10.92,1.11,earnings,Gartner (IT) Reports Next Week: Wall Street Expects Earnings Growth,59,0.942,Stayer (persistent),5/5 prior quarters same sign as current,"Consistent with PEAD continuation, moderate confidence (Day 59, later window, SUE=0.94, persistent SUE history)",,2026-07-28,2026-07-28T22:13:01
INCY,US,9.3,3.7,earnings,Incyte Corp (INCY) Q2 2026 Earnings Call Highlights: Robust Revenue Growth and Strategic ...,64,,N/A - no analyst estimate for most recent report,SUE history exists for older quarters but not the most recent report; persistence can't be judged without a current SUE to compare,"In drift window (Day 64) - SUE unavailable, verify manually",,2026-07-28,2026-07-28T22:13:01
SHW,US,8.25,1.77,earnings,Sherwin-Williams Co (SHW) Q2 2026 Earnings Call Highlights: Strong Growth Amid Strategic ...,64,,N/A - no analyst estimate for most recent report,SUE history exists for older quarters but not the most recent report; persistence can't be judged without a current SUE to compare,"In drift window (Day 64) - SUE unavailable, verify manually",,2026-07-28,2026-07-28T22:13:01
WDAY,US,8.24,1.68,unclassified - check headlines manually,Investors Rotate Out of Chip Stocks,48,1.599,Stayer (persistent),5/5 prior quarters same sign as current,"Consistent with PEAD continuation, moderate confidence (Day 48, later window, SUE=1.60, persistent SUE history)",,2026-07-28,2026-07-28T22:13:01
ZBRA,US,7.49,1.96,earnings,Is Market Not Aligned With Johnson Controls' Management?,54,2.127,Stayer (persistent),4/5 prior quarters same sign as current,"Consistent with PEAD continuation, moderate confidence (Day 54, later window, SUE=2.13, persistent SUE history)",,2026-07-28,2026-07-28T22:13:01
HCA,US,7.33,1.47,earnings,"Tenet Healthcare Tops Q2 Earnings Estimates, Raises 2026 Outlook",2,0.2,Stayer (persistent),5/5 prior quarters same sign as current,"Consistent with PEAD continuation, high confidence (Day 2, immediate window, SUE=0.20, persistent SUE history)",,2026-07-28,2026-07-28T22:13:01
CRL,US,7.19,1.26,earnings,"HCA Q2 Earnings Beat on Strong Admissions, 2026 Outlook Revised",58,0.72,Stayer (persistent),5/5 prior quarters same sign as current,"Consistent with PEAD continuation, moderate confidence (Day 58, later window, SUE=0.72, persistent SUE history)",,2026-07-28,2026-07-28T22:13:01
NUE,US,7.17,2.07,"earnings, macro/sector",Nucor Corp (NUE) Q2 2026 Earnings Call Highlights: Record Shipments and Strong Financial Performance,0,0.969,Stayer (persistent),4/5 prior quarters same sign as current,Day 0 earnings reaction (not drift yet),,2026-07-28,2026-07-28T22:13:01
SOLV,US,7.08,2.48,earnings,Nelson Peltz and Trian Take a New Position: The Turnaround Thesis,59,1.324,Stayer (persistent),5/5 prior quarters same sign as current,"Consistent with PEAD continuation, moderate confidence (Day 59, later window, SUE=1.32, persistent SUE history)",,2026-07-28,2026-07-28T22:13:01
CARTRADE.NS,India,12.13,2.11,"earnings, upgrade/downgrade",CarTrade Tech (NSEI:CARTRADE) Stock Sees Fair Value Lift As Growth Assumptions Improve,58,0.435,Stayer (persistent),4/5 prior quarters same sign as current,"Consistent with PEAD continuation, moderate confidence (Day 58, later window, SUE=0.43, persistent SUE history)",,2026-07-27,2026-07-28T22:13:01
KFINTECH.NS,India,10.67,1.96,earnings,KFin Technologies Ltd (BOM:543720) Q1 2027 Earnings Call Highlights: Strong Revenue Growth ...,2,0.235,Stayer (persistent),5/5 prior quarters same sign as current,"Consistent with PEAD continuation, high confidence (Day 2, immediate window, SUE=0.24, persistent SUE history)",,2026-07-27,2026-07-28T22:13:01
RKFORGE.NS,India,7.71,0.73,earnings,Ramkrishna Forgings Ltd (BOM:532527) Q1 2027 Earnings Call Highlights: Strong Revenue Growth ...,301,4.792,Mover (inconsistent),2/5 prior quarters same sign as current,Outside typical PEAD window (Day 301),,2026-07-27,2026-07-28T22:13:01
REDINGTON.NS,India,7.37,1.48,earnings,Redington Ltd (BOM:532805) Q4 2026 Earnings Call Highlights: Record Revenue Growth Amid ...,54,1.586,Mover (inconsistent),2/5 prior quarters same sign as current,"Directionally consistent but LOW confidence (Day 54, later window, SUE=1.59) - this stock's SUE history is inconsistent (mover, not stayer) -- per Kettell et al. 2022, movers show ~no significant drift",,2026-07-27,2026-07-28T22:13:01
SAGILITY.NS,India,7.1,1.65,earnings,Sagility Ltd (NSE:SAGILITY) Q1 2027 Earnings Call Highlights: Strong Revenue Growth Amidst Wage ...,4,-1.14,Stayer (persistent),3/4 prior quarters same sign as current,"Contradicts SUE sign (Day 4, immediate window, SUE=-1.14) - likely fresh catalyst",,2026-07-27,2026-07-28T22:13:01
LAURUSLABS.NS,India,7.01,2.04,"earnings, upgrade/downgrade",Laurus Labs Ltd (BOM:540222) Q1 2027 Earnings Call Highlights: Robust Revenue Growth and ...,2,1.142,Stayer (persistent),5/5 prior quarters same sign as current,"Consistent with PEAD continuation, high confidence (Day 2, immediate window, SUE=1.14, persistent SUE history)",,2026-07-27,2026-07-28T22:13:01
CONCOR.NS,India,6.9,3.16,earnings,Container Corporation of India Ltd (BOM:531344) Q1 2027 Earnings Call Highlights: Strong Growth ...,2,-0.466,Stayer (persistent),4/5 prior quarters same sign as current,"Contradicts SUE sign (Day 2, immediate window, SUE=-0.47) - likely fresh catalyst",,2026-07-27,2026-07-28T22:13:01
TBOTEK.NS,India,6.31,1.61,earnings,TBO Tek Ltd (NSE:TBOTEK) Q4 2026 Earnings Call Highlights: Resilient Growth Amid Geopolitical ...,43,-2.556,Stayer (persistent),3/5 prior quarters same sign as current,"Contradicts SUE sign (Day 43, later window, SUE=-2.56) - likely fresh catalyst",,2026-07-27,2026-07-28T22:13:01
CAPLIPOINT.NS,India,6.25,0.86,earnings,Caplin Point Laboratories Ltd (BOM:524742) Q4 2026 Earnings Call Highlights: Robust Financial ...,1493,-0.475,Stayer (persistent),3/5 prior quarters same sign as current,Outside typical PEAD window (Day 1493),,2026-07-27,2026-07-28T22:13:01
LATENTVIEW.NS,India,6.01,1.15,unclassified - check headlines manually,(no headline found),51,-0.587,Mover (inconsistent),2/5 prior quarters same sign as current,"Contradicts SUE sign (Day 51, later window, SUE=-0.59) - likely fresh catalyst",,2026-07-27,2026-07-28T22:13:01
GRMN,US,16.23,3.02,"earnings, macro/sector","Garmin Stock Breaks Out On Second-Quarter Beat, Raised Outlook",64,,N/A - no analyst estimate for most recent report,SUE history exists for older quarters but not the most recent report; persistence can't be judged without a current SUE to compare,"In drift window (Day 64) - SUE unavailable, verify manually",,2026-07-29,2026-07-29T22:07:44
GEHC,US,12.15,2.62,"earnings, macro/sector","Vertiv, SoFi, GE HealthCare, Micron, SK Hynix, Garmin, and More Stocks That Explain Today’s Market",64,,N/A - no analyst estimate for most recent report,SUE history exists for older quarters but not the most recent report; persistence can't be judged without a current SUE to compare,"In drift window (Day 64) - SUE unavailable, verify manually",,2026-07-29,2026-07-29T22:07:44
CTSH,US,11.25,2.15,"earnings, macro/sector",Cognizant Technology Solutions Corp (CTSH) Q2 2026 Earnings Call Highlights: Strong Revenue ...,64,,N/A - no analyst estimate for most recent report,SUE history exists for older quarters but not the most recent report; persistence can't be judged without a current SUE to compare,"In drift window (Day 64) - SUE unavailable, verify manually",,2026-07-29,2026-07-29T22:07:44
SBAC,US,6.49,1.98,earnings,Unlocking Q2 Potential of SBA Communications (SBAC): Exploring Wall Street Estimates for Key Metrics,64,0.0,Mover (inconsistent),0/5 prior quarters same sign as current,"In drift window (Day 64) - SUE near zero, ambiguous signal",,2026-07-29,2026-07-29T22:07:44
INTU,US,6.43,1.49,"earnings, macro/sector",Update: Equities Tumble Following Fed's Divided Decision to Stay on Hold,49,0.808,Stayer (persistent),5/5 prior quarters same sign as current,"Consistent with PEAD continuation, moderate confidence (Day 49, later window, SUE=0.81, persistent SUE history)",,2026-07-29,2026-07-29T22:07:44
IT,US,6.29,1.19,earnings,Why Gartner Stock Is Climbing Higher Today,60,0.942,Stayer (persistent),5/5 prior quarters same sign as current,"Consistent with PEAD continuation, moderate confidence (Day 60, later window, SUE=0.94, persistent SUE history)",,2026-07-29,2026-07-29T22:07:44
ADBE,US,5.72,1.76,"earnings, M&A",Why Is Adobe Stock Climbing Today,34,2.197,Stayer (persistent),5/5 prior quarters same sign as current,"Consistent with PEAD continuation, moderate confidence (Day 34, later window, SUE=2.20, persistent SUE history)",,2026-07-29,2026-07-29T22:07:44
DOW,US,5.55,1.11,earnings,Dow (DOW) Delivers Strong Q2 Results As Pricing And Cost Actions Pay Off,4,1.251,Stayer (persistent),4/5 prior quarters same sign as current,"Consistent with PEAD continuation, high confidence (Day 4, immediate window, SUE=1.25, persistent SUE history)",,2026-07-29,2026-07-29T22:07:44
DDOG,US,5.31,1.93,"earnings, product/contract","Dow Jones Futures: Stock Market Tumbles, Oil Prices Soar On Trump's Iran Threats; Microsoft, Meta, Fortinet Earnings Late",59,3.115,Stayer (persistent),5/5 prior quarters same sign as current,"Consistent with PEAD continuation, moderate confidence (Day 59, later window, SUE=3.12, persistent SUE history)",,2026-07-29,2026-07-29T22:07:44
WDAY,US,5.21,1.54,"earnings, macro/sector",Update: Equities Tumble Following Fed's Divided Decision to Stay on Hold,49,1.599,Stayer (persistent),5/5 prior quarters same sign as current,"Consistent with PEAD continuation, moderate confidence (Day 49, later window, SUE=1.60, persistent SUE history)",,2026-07-29,2026-07-29T22:07:44
COFORGE.NS,India,10.31,2.28,"earnings, product/contract",Coforge Ltd (BOM:532541) Q1 2027 Earnings Call Highlights: Strong Revenue Growth and Strategic ...,1,-0.199,Mover (inconsistent),2/5 prior quarters same sign as current,"Contradicts SUE sign (Day 1, immediate window, SUE=-0.20) - likely fresh catalyst",,2026-07-28,2026-07-29T22:07:44
AFFLE.NS,India,9.31,0.88,earnings,Affle 3i Ltd (BOM:542752) Q3 2026 Earnings Call Highlights: Record Revenue and Strategic ...,57,0.014,Mover (inconsistent),2/5 prior quarters same sign as current,"In drift window (Day 57) - SUE near zero, ambiguous signal",,2026-07-28,2026-07-29T22:07:44
LODHA.NS,India,8.57,1.54,earnings,Lodha Developers Ltd (BOM:543287) Q1 2027 Earnings Call Highlights: Record Revenue and ...,3,1.785,Mover (inconsistent),1/5 prior quarters same sign as current,"Directionally consistent but LOW confidence (Day 3, immediate window, SUE=1.79) - this stock's SUE history is inconsistent (mover, not stayer) -- per Kettell et al. 2022, movers show ~no significant drift",,2026-07-28,2026-07-29T22:07:44
KALYANKJIL.NS,India,7.75,1.51,earnings,Kalyan Jewellers India Ltd (BOM:543278) Q4 2026 Earnings Call Highlights: Record Revenue Growth ...,58,1.198,Stayer (persistent),4/5 prior quarters same sign as current,"Consistent with PEAD continuation, moderate confidence (Day 58, later window, SUE=1.20, persistent SUE history)",,2026-07-28,2026-07-29T22:07:44
CUB.NS,India,7.54,2.03,"earnings, regulatory/legal, macro/sector",City Union Bank Ltd (BOM:532210) Q4 2026 Earnings Call Highlights: Robust Growth and Strategic ...,0,-1.978,Mover (inconsistent),1/5 prior quarters same sign as current,Day 0 earnings reaction (not drift yet),,2026-07-28,2026-07-29T22:07:44
HEXT.NS,India,5.36,1.21,"earnings, product/contract",Starmer unveils £1 billion French and Indian investments at G7,59,,N/A - no analyst estimate for most recent report,SUE history exists for older quarters but not the most recent report; persistence can't be judged without a current SUE to compare,"In drift window (Day 59) - SUE unavailable, verify manually",,2026-07-28,2026-07-29T22:07:44
GALLANTT.NS,India,5.0,0.17,unclassified - check headlines manually,(no headline found),2136,1.505,Insufficient history,Fewer than 2 prior quarters with usable SUE data,Outside typical PEAD window (Day 2136),,2026-07-28,2026-07-29T22:07:44
ECLERX.NS,India,4.75,0.39,earnings,eClerx Services Ltd (BOM:532927) Q4 2026 Earnings Call Highlights: Strong Financial Performance ...,54,-2.181,Mover (inconsistent),1/5 prior quarters same sign as current,"Contradicts SUE sign (Day 54, later window, SUE=-2.18) - likely fresh catalyst",,2026-07-28,2026-07-29T22:07:44
TCS.NS,India,4.46,1.85,"earnings, product/contract",Rezolve AI (RZLV) Just Put Up $127 Million In First Half Revenue,14,1.151,Stayer (persistent),3/5 prior quarters same sign as current,"Consistent with PEAD continuation, moderate confidence (Day 14, later window, SUE=1.15, persistent SUE history)",,2026-07-28,2026-07-29T22:07:44
ETERNAL.NS,India,4.23,1.2,earnings,India's Swiggy names Nandita Sinha as CEO of quick commerce arm Instamart,4,-1.329,Stayer (persistent),3/5 prior quarters same sign as current,"Contradicts SUE sign (Day 4, immediate window, SUE=-1.33) - likely fresh catalyst",,2026-07-28,2026-07-29T22:07:44
SNDK,US,25.99,1.34,unclassified - check headlines manually,Sandisk Stock Had A Mammoth Run. Here's Why Some Investors Are Still Watching It.,64.0,2.369,Stayer (persistent),4/4 prior quarters same sign as current,"Consistent with PEAD continuation, moderate confidence (Day 64, later window, SUE=2.37, persistent SUE history)",,2026-07-30,2026-07-30T22:15:47
EME,US,19.32,1.44,earnings,Why EMCOR (EME) Stock Is Up Today,65.0,,N/A - no analyst estimate for most recent report,SUE history exists for older quarters but not the most recent report; persistence can't be judged without a current SUE to compare,"In drift window (Day 65) - SUE unavailable, verify manually",,2026-07-30,2026-07-30T22:15:47
MU,US,18.36,1.21,product/contract,Michael Burry Adds To His NVDA And MU Shorts — And Makes More Moves In These Stocks,25.0,4.061,Stayer (persistent),5/5 prior quarters same sign as current,"Consistent with PEAD continuation, moderate confidence (Day 25, later window, SUE=4.06, persistent SUE history)",,2026-07-30,2026-07-30T22:15:47
LRCX,US,17.98,1.92,unclassified - check headlines manually,"Stock Market Today: Chips Lead Nasdaq's Fierce Rebound, But Meta Bashed",0.0,3.41,Stayer (persistent),5/5 prior quarters same sign as current,Day 0 earnings reaction (not drift yet),,2026-07-30,2026-07-30T22:15:47
PWR,US,17.26,2.42,earnings,"Fears of an AI Spending Crash Aren’t Showing Up in Infrastructure Earnings, Far From It",64.0,,N/A - no analyst estimate for most recent report,SUE history exists for older quarters but not the most recent report; persistence can't be judged without a current SUE to compare,"In drift window (Day 64) - SUE unavailable, verify manually",,2026-07-30,2026-07-30T22:15:47
MSFT,US,15.51,3.53,earnings,"Tech stocks today: Microsoft makes market history, Apple and Amazon beat on earnings",0.0,3.542,Stayer (persistent),5/5 prior quarters same sign as current,Day 0 earnings reaction (not drift yet),,2026-07-30,2026-07-30T22:15:47
WDC,US,15.37,1.09,unclassified - check headlines manually,How Seagate's AI Storage Growth Is Reshaping the HDD Market,64.0,1.628,Stayer (persistent),4/5 prior quarters same sign as current,"Consistent with PEAD continuation, moderate confidence (Day 64, later window, SUE=1.63, persistent SUE history)",,2026-07-30,2026-07-30T22:15:47
LITE,US,15.09,1.2,earnings,Why Corning Stock Had Its Worst Day in Four Months After Earnings,61.0,1.009,Stayer (persistent),5/5 prior quarters same sign as current,"Consistent with PEAD continuation, moderate confidence (Day 61, later window, SUE=1.01, persistent SUE history)",,2026-07-30,2026-07-30T22:15:47
AMAT,US,14.97,1.57,earnings,Should You Worry? This AI Cap-Ex Boom is Bigger than 1999.,54.0,2.443,Stayer (persistent),5/5 prior quarters same sign as current,"Consistent with PEAD continuation, moderate confidence (Day 54, later window, SUE=2.44, persistent SUE history)",,2026-07-30,2026-07-30T22:15:47
TER,US,14.43,1.7,earnings,Lam Research Stock's Surge Was Building In Plain Sight,1.0,3.562,Stayer (persistent),5/5 prior quarters same sign as current,"Consistent with PEAD continuation, high confidence (Day 1, immediate window, SUE=3.56, persistent SUE history)",,2026-07-30,2026-07-30T22:15:47
PCBL.NS,India,14.86,3.23,"earnings, regulatory/legal, product/contract",PCBL Chemical Ltd (BOM:506590) Q1 2027 Earnings Call Highlights: Strong Revenue Growth Amidst ...,0.0,2.413,Mover (inconsistent),0/5 prior quarters same sign as current,Day 0 earnings reaction (not drift yet),,2026-07-29,2026-07-30T22:15:47
KAYNES.NS,India,12.73,1.65,earnings,Kaynes Technology India Ltd (BOM:543664) Q4 2026 Earnings Call Highlights: Strong Revenue ...,55.0,-2.595,Mover (inconsistent),2/5 prior quarters same sign as current,"Contradicts SUE sign (Day 55, later window, SUE=-2.60) - likely fresh catalyst",,2026-07-29,2026-07-30T22:15:47
PARADEEP.NS,India,12.45,0.88,earnings,Paradeep Phosphates Ltd (BOM:543530) Q4 2026 Earnings Call Highlights: Strong Revenue Growth ...,386.0,,Insufficient history,Fewer than 2 prior quarters with usable SUE data,Outside typical PEAD window (Day 386),,2026-07-29,2026-07-30T22:15:47
FSL.NS,India,11.6,1.06,earnings,Firstsource Solutions Ltd (BOM:532809) Q4 2026 Earnings Call Highlights: Record Revenue ...,60.0,-1.159,Stayer (persistent),4/5 prior quarters same sign as current,"Contradicts SUE sign (Day 60, later window, SUE=-1.16) - likely fresh catalyst",,2026-07-29,2026-07-30T22:15:47
SWIGGY.NS,India,7.03,1.77,earnings,India's Swiggy posts a narrower quarterly loss,59.0,,N/A - no analyst estimate for most recent report,SUE history exists for older quarters but not the most recent report; persistence can't be judged without a current SUE to compare,"In drift window (Day 59) - SUE unavailable, verify manually",,2026-07-29,2026-07-30T22:15:47
HONAUT.NS,India,6.92,1.53,earnings,"Honeywell Automation India's quarterly profit slips on higher costs, one-time charge",0.0,0.049,Mover (inconsistent),1/5 prior quarters same sign as current,Day 0 earnings reaction (not drift yet),,2026-07-29,2026-07-30T22:15:47
CROMPTON.NS,India,6.81,0.66,earnings,Crompton Greaves Consumer Electricals Ltd (BOM:539876) Q4 2026 Earnings Call Highlights: Strong ...,55.0,0.611,Mover (inconsistent),2/5 prior quarters same sign as current,"Directionally consistent but LOW confidence (Day 55, later window, SUE=0.61) - this stock's SUE history is inconsistent (mover, not stayer) -- per Kettell et al. 2022, movers show ~no significant drift",,2026-07-29,2026-07-30T22:15:47
PFOCUS.NS,India,6.74,0.91,unclassified - check headlines manually,(no headline found),,,,,No recent earnings on record,,2026-07-29,2026-07-30T22:15:47
CRAFTSMAN.NS,India,6.71,1.76,unclassified - check headlines manually,(no headline found),59.0,1.134,Stayer (persistent),3/5 prior quarters same sign as current,"Consistent with PEAD continuation, moderate confidence (Day 59, later window, SUE=1.13, persistent SUE history)",,2026-07-29,2026-07-30T22:15:47
NEWGEN.NS,India,6.67,0.49,earnings,Newgen Software Technologies Ltd (NSE:NEWGEN) Q1 2027 Earnings Call Highlights: Strong Revenue ...,9.0,1.114,Mover (inconsistent),2/5 prior quarters same sign as current,"Directionally consistent but LOW confidence (Day 9, later window, SUE=1.11) - this stock's SUE history is inconsistent (mover, not stayer) -- per Kettell et al. 2022, movers show ~no significant drift",,2026-07-29,2026-07-30T22:15:47
AMZN,US,15.32,2.81,earnings,Amazon stock soars 15% as e-commerce giant's AWS cloud business booms in 'home run' quarter,0,4.602,Stayer (persistent),4/5 prior quarters same sign as current,Day 0 earnings reaction (not drift yet),,2026-07-31,2026-07-31T22:13:20
DXCM,US,11.95,2.77,earnings,"DexCom Stock Up on Q2 Earnings & Revenue Beat, Margins Rise",0,1.708,Stayer (persistent),4/5 prior quarters same sign as current,Day 0 earnings reaction (not drift yet),,2026-07-31,2026-07-31T22:13:20
MPWR,US,8.35,1.61,earnings,Monolithic Power Stock Jumps 9.1% as AI Revenue Explodes,0,4.689,Stayer (persistent),5/5 prior quarters same sign as current,Day 0 earnings reaction (not drift yet),,2026-07-31,2026-07-31T22:13:20
ETN,US,7.32,1.8,earnings,Eaton Q2 Earnings Call Highlights,61,,N/A - no analyst estimate for most recent report,SUE history exists for older quarters but not the most recent report; persistence can't be judged without a current SUE to compare,"In drift window (Day 61) - SUE unavailable, verify manually",,2026-07-31,2026-07-31T22:13:20
GOOG,US,6.88,1.35,earnings,"Tech stocks today: Amazon beats, Apple sinks",6,4.716,Stayer (persistent),5/5 prior quarters same sign as current,"Consistent with PEAD continuation, high confidence (Day 6, immediate window, SUE=4.72, persistent SUE history)",,2026-07-31,2026-07-31T22:13:20
GOOGL,US,6.73,1.37,"earnings, product/contract","Reddit stock tumbles the most on record as lack of new AI deals, US daily users metric disappoints",6,4.728,Stayer (persistent),5/5 prior quarters same sign as current,"Consistent with PEAD continuation, high confidence (Day 6, immediate window, SUE=4.73, persistent SUE history)",,2026-07-31,2026-07-31T22:13:20
WY,US,6.51,2.03,earnings,Weyerhaeuser Co (WY) (Q2 2026) Earnings Call Highlights: Resilient EBITDA and Strategic Growth ...,0,1.22,Stayer (persistent),5/5 prior quarters same sign as current,Day 0 earnings reaction (not drift yet),,2026-07-31,2026-07-31T22:13:20
VRT,US,6.18,1.48,earnings,"Down 24.3% in 4 Weeks, Here's Why Vertiv (VRT) Looks Ripe for a Turnaround",1,0.989,Stayer (persistent),5/5 prior quarters same sign as current,"Consistent with PEAD continuation, high confidence (Day 1, immediate window, SUE=0.99, persistent SUE history)",,2026-07-31,2026-07-31T22:13:20
COHR,US,5.55,0.97,earnings,"Applied Optoelectronics and Coherent Gain 7%, Lumentum Adds 5% as Risk-On Feeling Spreads to Optics Stocks",61,0.165,Stayer (persistent),5/5 prior quarters same sign as current,"Consistent with PEAD continuation, moderate confidence (Day 61, later window, SUE=0.16, persistent SUE history)",,2026-07-31,2026-07-31T22:13:20
ANET,US,5.46,1.39,earnings,Will Top-Line Improvement Benefit Palantir in Q2 Earnings?,61,2.265,Stayer (persistent),5/5 prior quarters same sign as current,"Consistent with PEAD continuation, moderate confidence (Day 61, later window, SUE=2.27, persistent SUE history)",,2026-07-31,2026-07-31T22:13:20
BALKRISIND.NS,India,10.82,5.53,earnings,Balkrishna Industries Ltd (BOM:502355) (Q1 2027) Earnings Call Highlights: Record OHT Sales ...,1,1.743,Mover (inconsistent),1/5 prior quarters same sign as current,"Directionally consistent but LOW confidence (Day 1, immediate window, SUE=1.74) - this stock's SUE history is inconsistent (mover, not stayer) -- per Kettell et al. 2022, movers show ~no significant drift",,2026-07-30,2026-07-31T22:13:20
REDINGTON.NS,India,8.18,2.72,earnings,Redington Ltd (BOM:532805) (Q1 FY2027) Earnings Call Highlights: Record Profit and Strong India ...,1,-0.133,Stayer (persistent),3/5 prior quarters same sign as current,"Contradicts SUE sign (Day 1, immediate window, SUE=-0.13) - likely fresh catalyst",,2026-07-30,2026-07-31T22:13:20
SONACOMS.NS,India,6.0,0.72,earnings,Sona BLW Precision Forgings Ltd (BOM:543300) Q1 2027 Earnings Call Highlights: Record Revenue ...,5,-0.323,Mover (inconsistent),1/5 prior quarters same sign as current,"Contradicts SUE sign (Day 5, immediate window, SUE=-0.32) - likely fresh catalyst",,2026-07-30,2026-07-31T22:13:20
LTFOODS.NS,India,4.89,2.19,"earnings, product/contract",LT Foods Ltd (BOM:532783) Q3 2026 Earnings Call Highlights: Record Revenue Growth Amidst Market ...,1499,-0.834,Mover (inconsistent),2/5 prior quarters same sign as current,Outside typical PEAD window (Day 1499),,2026-07-30,2026-07-31T22:13:20
EXIDEIND.NS,India,3.91,0.75,earnings,Indian battery maker Exide's quarterly profit rises 22% on auto demand,0,1.73,Mover (inconsistent),2/5 prior quarters same sign as current,Day 0 earnings reaction (not drift yet),,2026-07-30,2026-07-31T22:13:20
ZEEL.NS,India,3.77,4.14,"earnings, regulatory/legal",India's SEBI imposes penalty of 14.8 million rupees on Zee Entertainment,51,-2.803,Stayer (persistent),3/5 prior quarters same sign as current,"Contradicts SUE sign (Day 51, later window, SUE=-2.80) - likely fresh catalyst",,2026-07-30,2026-07-31T22:13:20
HEROMOTOCO.NS,India,3.42,0.94,"earnings, product/contract","India's Ather Energy to raise $125 million via share issue, warrants",61,-0.149,Mover (inconsistent),1/5 prior quarters same sign as current,"Contradicts SUE sign (Day 61, later window, SUE=-0.15) - likely fresh catalyst",,2026-07-30,2026-07-31T22:13:20
TVSMOTOR.NS,India,3.26,1.63,earnings,TVS Motor Co Ltd (BOM:532343) Q1 2027 Earnings Call Highlights: Robust Growth Amidst Market ...,6,2.88,Mover (inconsistent),2/5 prior quarters same sign as current,"Directionally consistent but LOW confidence (Day 6, immediate window, SUE=2.88) - this stock's SUE history is inconsistent (mover, not stayer) -- per Kettell et al. 2022, movers show ~no significant drift",,2026-07-30,2026-07-31T22:13:20
IFCI.NS,India,3.11,3.78,unclassified - check headlines manually,(no headline found),2916,-2.19,Stayer (persistent),3/3 prior quarters same sign as current,Outside typical PEAD window (Day 2916),,2026-07-30,2026-07-31T22:13:20
SWIGGY.NS,India,2.98,1.77,earnings,Flipkart Turns Netflix Into a Loyalty Perk,0,-0.828,Stayer (persistent),4/5 prior quarters same sign as current,Day 0 earnings reaction (not drift yet),,2026-07-30,2026-07-31T22:13:20
FSLR,US,10.28,2.56,earnings,First Solar Stock Powers to the Top of the S&P 500 as Regulatory Decision Approaches,2,2.088,Stayer (persistent),3/5 prior quarters same sign as current,"Consistent with PEAD continuation, high confidence (Day 2, immediate window, SUE=2.09, persistent SUE history)",,2026-08-03,2026-08-03T22:15:31
COHR,US,9.6,1.09,earnings,Photonics: The Next Big AI Investment Opportunity?,63,0.165,Stayer (persistent),5/5 prior quarters same sign as current,"Consistent with PEAD continuation, moderate confidence (Day 63, later window, SUE=0.16, persistent SUE history)",,2026-08-03,2026-08-03T22:15:31
LITE,US,9.24,0.89,earnings,Corning Stock Sank 46% in July. Why Wall Street Says It Could Be a Buy Right Now.,64,1.009,Stayer (persistent),5/5 prior quarters same sign as current,"Consistent with PEAD continuation, moderate confidence (Day 64, later window, SUE=1.01, persistent SUE history)",,2026-08-03,2026-08-03T22:15:31
ORCL,US,9.22,1.48,earnings,Big Tech's cloud backlog just hit $2.3 trillion — and it's feeding AI capex plans,38,1.128,Stayer (persistent),3/5 prior quarters same sign as current,"Consistent with PEAD continuation, moderate confidence (Day 38, later window, SUE=1.13, persistent SUE history)",,2026-08-03,2026-08-03T22:15:31
AXON,US,9.12,1.56,earnings,Axon Enterprise Q2 Earnings on Deck: How to Approach the Stock Now?,63,0.035,Stayer (persistent),4/5 prior quarters same sign as current,"In drift window (Day 63) - SUE near zero, ambiguous signal",,2026-08-03,2026-08-03T22:15:31
BLDR,US,9.09,0.86,earnings,Builders FirstSource Q2 Earnings Call Highlights,2,-0.12,Mover (inconsistent),2/5 prior quarters same sign as current,"Contradicts SUE sign (Day 2, immediate window, SUE=-0.12) - likely fresh catalyst",,2026-08-03,2026-08-03T22:15:31
VRT,US,8.89,1.16,"earnings, upgrade/downgrade","Top Research Reports for Amazon, Marvell & Starbucks",3,0.989,Stayer (persistent),5/5 prior quarters same sign as current,"Consistent with PEAD continuation, high confidence (Day 3, immediate window, SUE=0.99, persistent SUE history)",,2026-08-03,2026-08-03T22:15:31
ARES,US,8.18,1.27,earnings,Debt-laden TalkTalk offloads customers in scramble to raise funds,1,0.212,Mover (inconsistent),2/5 prior quarters same sign as current,"Directionally consistent but LOW confidence (Day 1, immediate window, SUE=0.21) - this stock's SUE history is inconsistent (mover, not stayer) -- per Kettell et al. 2022, movers show ~no significant drift",,2026-08-03,2026-08-03T22:15:31
BA,US,8.03,1.41,product/contract,"S&P500, Nasdaq End Higher, Dow Hits Record High On Strong Mag 7 Performance And Falling Oil Prices — BA, XOM, CVX, HOOD, AMD In Focus",4,-0.108,Mover (inconsistent),1/5 prior quarters same sign as current,"Contradicts SUE sign (Day 4, immediate window, SUE=-0.11) - likely fresh catalyst",,2026-08-03,2026-08-03T22:15:31
BAX,US,7.42,1.05,earnings,Baxter (BAX) Stock Gets Fair Value Boost After Q2 Beat And Higher Targets,2,2.955,Stayer (persistent),3/5 prior quarters same sign as current,"Consistent with PEAD continuation, high confidence (Day 2, immediate window, SUE=2.95, persistent SUE history)",,2026-08-03,2026-08-03T22:15:31
BAJFINANCE.NS,India,8.32,1.13,earnings,Bajaj Finserv Ltd (BOM:532978) (Q1 2027) Earnings Call Highlights: Strong Growth Amid Insurance ...,2,-4.641,Stayer (persistent),3/5 prior quarters same sign as current,"Contradicts SUE sign (Day 2, immediate window, SUE=-4.64) - likely fresh catalyst",,2026-07-31,2026-08-03T22:15:31
HYUNDAI.NS,India,8.05,1.58,"earnings, regulatory/legal, product/contract",Hyundai Motor India Ltd (NSE:HYUNDAI) (Q1 2027) Earnings Call Highlights: Domestic Growth and ...,2,0.154,Stayer (persistent),3/5 prior quarters same sign as current,"Consistent with PEAD continuation, high confidence (Day 2, immediate window, SUE=0.15, persistent SUE history)",,2026-07-31,2026-08-03T22:15:31
NETWEB.NS,India,7.84,1.91,earnings,Netweb Technologies India Ltd (NSE:NETWEB) (Q1 2027) Earnings Call Highlights: Record Revenue ...,4,1.696,Stayer (persistent),4/5 prior quarters same sign as current,"Consistent with PEAD continuation, high confidence (Day 4, immediate window, SUE=1.70, persistent SUE history)",,2026-07-31,2026-08-03T22:15:31
BALKRISIND.NS,India,7.22,0.56,earnings,Balkrishna Industries Ltd (BOM:502355) (Q1 2027) Earnings Call Highlights: Record OHT Sales ...,3,1.743,Mover (inconsistent),1/5 prior quarters same sign as current,"Directionally consistent but LOW confidence (Day 3, immediate window, SUE=1.74) - this stock's SUE history is inconsistent (mover, not stayer) -- per Kettell et al. 2022, movers show ~no significant drift",,2026-07-31,2026-08-03T22:15:31
CONCORDBIO.NS,India,6.83,2.8,earnings,Concord Biotech Ltd (NSE:CONCORDBIO) Q4 2026 Earnings Call Highlights: Navigating Challenges ...,1,-0.05,Stayer (persistent),3/5 prior quarters same sign as current,"In drift window (Day 1) - SUE near zero, ambiguous signal",,2026-07-31,2026-08-03T22:15:31
BAJAJFINSV.NS,India,6.27,1.98,"earnings, M&A",Bajaj Finserv Ltd (BOM:532978) (Q1 2027) Earnings Call Highlights: Strong Growth Amid Insurance ...,1,0.702,Stayer (persistent),4/5 prior quarters same sign as current,"Consistent with PEAD continuation, high confidence (Day 1, immediate window, SUE=0.70, persistent SUE history)",,2026-07-31,2026-08-03T22:15:31
THELEELA.NS,India,5.66,5.18,M&A,"The Leela acquires ultra-luxury resort in Coorg, India",1,-0.451,Mover (inconsistent),0/3 prior quarters same sign as current,"Contradicts SUE sign (Day 1, immediate window, SUE=-0.45) - likely fresh catalyst",,2026-07-31,2026-08-03T22:15:31
JPPOWER.NS,India,5.6,2.38,unclassified - check headlines manually,(no headline found),2804,1.487,Mover (inconsistent),2/5 prior quarters same sign as current,Outside typical PEAD window (Day 2804),,2026-07-31,2026-08-03T22:15:31
TMCV.NS,India,5.27,2.55,"earnings, product/contract","India's Tata Technologies posts quarterly profit rise, retains revenue forecast",58,24.89,Insufficient history,Fewer than 2 prior quarters with usable SUE data,"Consistent with PEAD continuation, low confidence (Day 58, later window, SUE=24.89, insufficient history to assess persistence)",,2026-07-31,2026-08-03T22:15:31
CGCL.NS,India,5.24,0.5,earnings,Capri Global Capital Ltd (BOM:531595) Q1 2027 Earnings Call Highlights: Record Profit Growth ...,1566,2.253,Stayer (persistent),4/5 prior quarters same sign as current,Outside typical PEAD window (Day 1566),,2026-07-31,2026-08-03T22:15:31
PLTR,US,29.45,4.67,earnings,"Earnings live updates: SpaceX stock slides despite Starlink-driven revenue beat, Paramount stock slips",0,2.607,Stayer (persistent),4/5 prior quarters same sign as current,Day 0 earnings reaction (not drift yet),,2026-08-04,2026-08-04T22:19:45
ZBRA,US,26.47,3.06,earnings,Zebra Technologies Corp (ZBRA) (Q2 2026) Earnings Call Highlights: Record Sales and EPS Surge ...,59,2.14,Stayer (persistent),4/5 prior quarters same sign as current,"Consistent with PEAD continuation, moderate confidence (Day 59, later window, SUE=2.14, persistent SUE history)",,2026-08-04,2026-08-04T22:19:45
IT,US,22.61,2.4,earnings,"Gartner Inc (IT) (Q2 2026) Earnings Call Highlights: CV Growth Accelerates, Adjusted EPS Soars 24%",64,0.951,Stayer (persistent),5/5 prior quarters same sign as current,"Consistent with PEAD continuation, moderate confidence (Day 64, later window, SUE=0.95, persistent SUE history)",,2026-08-04,2026-08-04T22:19:45
MRVL,US,12.8,1.44,regulatory/legal,"Marvell, Sandisk, SK Hynix lead semiconductor stock rally as S&P 500 trades at record highs",49,0.732,Stayer (persistent),4/5 prior quarters same sign as current,"Consistent with PEAD continuation, moderate confidence (Day 49, later window, SUE=0.73, persistent SUE history)",,2026-08-04,2026-08-04T22:19:45
COHR,US,12.35,1.72,"earnings, regulatory/legal","SpaceX, Palantir, AMD, Marvell, Caterpillar, Pfizer, and More Stocks That Explain Today’s Market",64,0.165,Stayer (persistent),5/5 prior quarters same sign as current,"Consistent with PEAD continuation, moderate confidence (Day 64, later window, SUE=0.16, persistent SUE history)",,2026-08-04,2026-08-04T22:19:45
SNDK,US,10.84,0.73,"earnings, upgrade/downgrade",Sandisk bulls are probably eyeing this number on earnings day: AlphaSpace stat of the evening,68,2.369,Stayer (persistent),4/4 prior quarters same sign as current,"Consistent with PEAD continuation, moderate confidence (Day 68, later window, SUE=2.37, persistent SUE history)",,2026-08-04,2026-08-04T22:19:45
INTC,US,10.84,0.89,unclassified - check headlines manually,"Marvell, Sandisk, SK Hynix lead semiconductor stock rally as S&P 500 trades at record highs",8,0.87,Stayer (persistent),4/5 prior quarters same sign as current,"Consistent with PEAD continuation, moderate confidence (Day 8, later window, SUE=0.87, persistent SUE history)",,2026-08-04,2026-08-04T22:19:45
SMCI,US,10.65,0.93,earnings,Analyst Makes Bold Dell Call Ahead of Earnings,64,2.897,Stayer (persistent),3/5 prior quarters same sign as current,"Consistent with PEAD continuation, moderate confidence (Day 64, later window, SUE=2.90, persistent SUE history)",,2026-08-04,2026-08-04T22:19:45
TER,US,10.32,0.91,unclassified - check headlines manually,Teradyne Is Overvalued at 10.36X PS: Should You Still Buy the Stock?,4,3.562,Stayer (persistent),5/5 prior quarters same sign as current,"Consistent with PEAD continuation, high confidence (Day 4, immediate window, SUE=3.56, persistent SUE history)",,2026-08-04,2026-08-04T22:19:45
LDOS,US,10.01,2.13,earnings,Leidos Holdings Inc (LDOS) (Q2 2026) Earnings Call Highlights: Record Revenue and Raised ...,64,0.918,Stayer (persistent),5/5 prior quarters same sign as current,"Consistent with PEAD continuation, moderate confidence (Day 64, later window, SUE=0.92, persistent SUE history)",,2026-08-04,2026-08-04T22:19:45
URBANCO.NS,India,12.98,2.6,"regulatory/legal, product/contract",India’s Urban Company IPO fully subscribed within hours of launch,2,-0.301,Stayer (persistent),2/3 prior quarters same sign as current,"Contradicts SUE sign (Day 2, immediate window, SUE=-0.30) - likely fresh catalyst",,2026-08-03,2026-08-04T22:19:45
SONATSOFTW.NS,India,11.96,0.82,earnings,Sonata Software Ltd (BOM:532221) Q4 2026 Earnings Call Highlights: Strong AI-Led Growth Amidst ...,63,2.057,Stayer (persistent),3/5 prior quarters same sign as current,"Consistent with PEAD continuation, moderate confidence (Day 63, later window, SUE=2.06, persistent SUE history)",,2026-08-03,2026-08-04T22:19:45
GABRIEL.NS,India,9.73,0.98,product/contract,"SK Enmove, Gabriel India to form lubricants partnership",9,0.782,Mover (inconsistent),1/5 prior quarters same sign as current,"Directionally consistent but LOW confidence (Day 9, later window, SUE=0.78) - this stock's SUE history is inconsistent (mover, not stayer) -- per Kettell et al. 2022, movers show ~no significant drift",,2026-08-03,2026-08-04T22:19:45
HFCL.NS,India,9.65,0.55,earnings,HFCL Ltd (BOM:500183) Q1 2027 Earnings Call Highlights: Record Revenue and Ambitious Growth ...,1949,0.151,Mover (inconsistent),2/5 prior quarters same sign as current,Outside typical PEAD window (Day 1949),,2026-08-03,2026-08-04T22:19:45
PINELABS.NS,India,9.5,1.3,earnings,Pine Labs Ltd (NSE:PINELABS) Q1 2027 Earnings Call Highlights: Strong Growth and Strategic ...,4,-0.735,Mover (inconsistent),0/2 prior quarters same sign as current,"Contradicts SUE sign (Day 4, immediate window, SUE=-0.73) - likely fresh catalyst",,2026-08-03,2026-08-04T22:19:45
BALRAMCHIN.NS,India,8.47,2.36,earnings,Balrampur Chini Mills Ltd (BOM:500038) Q4 2026 Earnings Call Highlights: Navigating Challenges ...,57,-1.025,Mover (inconsistent),2/5 prior quarters same sign as current,"Contradicts SUE sign (Day 57, later window, SUE=-1.03) - likely fresh catalyst",,2026-08-03,2026-08-04T22:19:45
AEGISLOG.NS,India,8.39,0.59,earnings,Aegis Logistics Ltd (BOM:500003) Q4 2026 Earnings Call Highlights: Record Profit Milestone and ...,47,3.832,Stayer (persistent),3/5 prior quarters same sign as current,"Consistent with PEAD continuation, moderate confidence (Day 47, later window, SUE=3.83, persistent SUE history)",,2026-08-03,2026-08-04T22:19:45
REDINGTON.NS,India,8.15,1.0,earnings,Redington Ltd (BOM:532805) (Q1 FY2027) Earnings Call Highlights: Record Profit and Strong India ...,4,-0.133,Stayer (persistent),3/5 prior quarters same sign as current,"Contradicts SUE sign (Day 4, immediate window, SUE=-0.13) - likely fresh catalyst",,2026-08-03,2026-08-04T22:19:45
BLUEDART.NS,India,7.98,0.74,earnings,Blue Dart Express Ltd (BOM:526612) Q4 2026 Earnings Call Highlights: Steady Revenue Growth Amid ...,2,2.038,Mover (inconsistent),2/5 prior quarters same sign as current,"Directionally consistent but LOW confidence (Day 2, immediate window, SUE=2.04) - this stock's SUE history is inconsistent (mover, not stayer) -- per Kettell et al. 2022, movers show ~no significant drift",,2026-08-03,2026-08-04T22:19:45
TBOTEK.NS,India,7.83,1.68,earnings,TBO Tek Ltd (NSE:TBOTEK) (Q1 2027) Earnings Call Highlights: Resilient Growth Amid Middle East ...,4,0.831,Mover (inconsistent),2/5 prior quarters same sign as current,"Directionally consistent but LOW confidence (Day 4, immediate window, SUE=0.83) - this stock's SUE history is inconsistent (mover, not stayer) -- per Kettell et al. 2022, movers show ~no significant drift",,2026-08-03,2026-08-04T22:19:45
CRL,US,11.36,1.88,earnings,"Charles River Laboratories International, Inc. Q2 2026 Earnings Call Summary",64,0.716,Stayer (persistent),5/5 prior quarters same sign as current,"Consistent with PEAD continuation, moderate confidence (Day 64, later window, SUE=0.72, persistent SUE history)",,2026-08-05,2026-08-05T22:18:17
IFF,US,8.88,1.82,earnings,International Flavors & Fragrances Inc (IFF) (Q2 2026) Earnings Call Highlights: Strategic ...,65,1.523,Stayer (persistent),4/5 prior quarters same sign as current,"Consistent with PEAD continuation, moderate confidence (Day 65, later window, SUE=1.52, persistent SUE history)",,2026-08-05,2026-08-05T22:18:17
AIZ,US,7.2,1.52,earnings,Assurant Q2 Earnings Call Highlights,65,1.281,Stayer (persistent),5/5 prior quarters same sign as current,"Consistent with PEAD continuation, moderate confidence (Day 65, later window, SUE=1.28, persistent SUE history)",,2026-08-05,2026-08-05T22:18:17
NEM,US,6.71,1.27,earnings,The companies defying macro uncertainty and raising guidance: AlphaCheck,9,0.517,Stayer (persistent),5/5 prior quarters same sign as current,"Consistent with PEAD continuation, moderate confidence (Day 9, later window, SUE=0.52, persistent SUE history)",,2026-08-05,2026-08-05T22:18:17
BKNG,US,6.56,1.52,earnings,Booking Holdings reports strong demand as industry evolves,70,0.586,Stayer (persistent),4/5 prior quarters same sign as current,"Consistent with PEAD continuation, moderate confidence (Day 70, later window, SUE=0.59, persistent SUE history)",,2026-08-05,2026-08-05T22:18:17
MCK,US,5.64,0.91,"earnings, product/contract","Healthcare Stocks Have Been Forgotten. Eli Lilly, McKesson, and 9 More to Buy.",64,0.246,Stayer (persistent),5/5 prior quarters same sign as current,"Consistent with PEAD continuation, moderate confidence (Day 64, later window, SUE=0.25, persistent SUE history)",,2026-08-05,2026-08-05T22:18:17
LLY,US,4.86,2.16,earnings,The companies defying macro uncertainty and raising guidance: AlphaCheck,69,3.512,Stayer (persistent),4/5 prior quarters same sign as current,"Consistent with PEAD continuation, moderate confidence (Day 69, later window, SUE=3.51, persistent SUE history)",,2026-08-05,2026-08-05T22:18:17
MAR,US,4.67,0.99,"earnings, macro/sector",Marriott Ups Outlook as Room Prices Offset Slower Growth,1,0.369,Stayer (persistent),4/5 prior quarters same sign as current,"Consistent with PEAD continuation, high confidence (Day 1, immediate window, SUE=0.37, persistent SUE history)",,2026-08-05,2026-08-05T22:18:17
AMGN,US,4.57,1.89,earnings,Amgen Stock Climbs as Drug Growth Outruns Obesity Setback,69,1.489,Stayer (persistent),5/5 prior quarters same sign as current,"Consistent with PEAD continuation, moderate confidence (Day 69, later window, SUE=1.49, persistent SUE history)",,2026-08-05,2026-08-05T22:18:17
CNC,US,4.56,0.87,earnings,"The Case For UnitedHealth Stock Is Margin, Not Growth",5,3.601,Stayer (persistent),4/5 prior quarters same sign as current,"Consistent with PEAD continuation, high confidence (Day 5, immediate window, SUE=3.60, persistent SUE history)",,2026-08-05,2026-08-05T22:18:17
ATHERENERG.NS,India,13.96,1.33,product/contract,"Indian EV startup River raises $120M Series C to scale production, launch more models",1,1.204,Mixed,1/2 prior quarters same sign as current,"Consistent with PEAD continuation, moderate confidence (Day 1, immediate window, SUE=1.20, mixed SUE history)",,2026-08-04,2026-08-05T22:18:17
KEI.NS,India,9.49,1.64,earnings,KEI Industries Ltd (BOM:517569) Q3 2026 Earnings Call Highlights: Strong Sales Growth and ...,1,2.568,Stayer (persistent),3/5 prior quarters same sign as current,"Consistent with PEAD continuation, high confidence (Day 1, immediate window, SUE=2.57, persistent SUE history)",,2026-08-04,2026-08-05T22:18:17
GRAPHITE.NS,India,7.92,2.13,unclassified - check headlines manually,(no headline found),0,0.611,Mover (inconsistent),1/5 prior quarters same sign as current,Day 0 earnings reaction (not drift yet),,2026-08-04,2026-08-05T22:18:17
CGPOWER.NS,India,6.53,0.39,unclassified - check headlines manually,CG Semi starts commercial production at Sanand OSAT plant in India,8,-0.489,Stayer (persistent),3/5 prior quarters same sign as current,"Contradicts SUE sign (Day 8, later window, SUE=-0.49) - likely fresh catalyst",,2026-08-04,2026-08-05T22:18:17
SAREGAMA.NS,India,5.51,2.1,earnings,Saregama India Ltd (BOM:532163) Q3 2026 Earnings Call Highlights: Strategic Investments and ...,386,0.559,Mover (inconsistent),1/5 prior quarters same sign as current,Outside typical PEAD window (Day 386),,2026-08-04,2026-08-05T22:18:17
SAIL.NS,India,5.18,1.1,earnings,Steel Authority Of India Ltd (BOM:500113) (Q1 2027) Earnings Call Highlights: EBITDA Surges ...,8,0.4,Stayer (persistent),3/5 prior quarters same sign as current,"Consistent with PEAD continuation, moderate confidence (Day 8, later window, SUE=0.40, persistent SUE history)",,2026-08-04,2026-08-05T22:18:17
APARINDS.NS,India,4.66,0.63,earnings,Apar Industries Ltd (BOM:532259) Q1 2027 Earnings Call Highlights: Record Profits Amidst Market ...,8,4.018,Stayer (persistent),4/5 prior quarters same sign as current,"Consistent with PEAD continuation, moderate confidence (Day 8, later window, SUE=4.02, persistent SUE history)",,2026-08-04,2026-08-05T22:18:17
SYRMA.NS,India,4.48,0.57,earnings,Syrma SGS Technology Ltd (BOM:543573) (Q1 2027) Earnings Call Highlights: Revenue Surges 67% as ...,4,1.32,Stayer (persistent),4/5 prior quarters same sign as current,"Consistent with PEAD continuation, high confidence (Day 4, immediate window, SUE=1.32, persistent SUE history)",,2026-08-04,2026-08-05T22:18:17
ZFCVINDIA.NS,India,4.4,0.69,earnings,ZF Commercial Vehicle Control Systems India Ltd (BOM:533023) (Q1 2027) Earnings Call ...,8,-2.288,Mover (inconsistent),2/5 prior quarters same sign as current,"Contradicts SUE sign (Day 8, later window, SUE=-2.29) - likely fresh catalyst",,2026-08-04,2026-08-05T22:18:17
PVRINOX.NS,India,4.09,0.34,earnings,PVR INOX Ltd (BOM:532689) Q1 2027 Earnings Call Highlights: Strong Revenue Growth and Strategic ...,9,0.133,Mover (inconsistent),2/5 prior quarters same sign as current,"Directionally consistent but LOW confidence (Day 9, later window, SUE=0.13) - this stock's SUE history is inconsistent (mover, not stayer) -- per Kettell et al. 2022, movers show ~no significant drift",,2026-08-04,2026-08-05T22:18:17
MSI,US,8.2,1.61,"earnings, macro/sector, product/contract","Update: US Equity Indexes Fall as Treasury Yields Jump With Crude Oil Ahead of Nonfarm Payrolls, Deal to Reopen Strait of Hormuz",65,1.941,Stayer (persistent),5/5 prior quarters same sign as current,"Consistent with PEAD continuation, moderate confidence (Day 65, later window, SUE=1.94, persistent SUE history)",,2026-08-06,2026-08-07T01:02:54
PH,US,7.31,1.78,earnings,"Parker Hannifin Corp (PH) (Q4 2026) Earnings Call Highlights: Record Sales Surpass $20 Billion, ...",70,1.3,Stayer (persistent),5/5 prior quarters same sign as current,"Consistent with PEAD continuation, moderate confidence (Day 70, later window, SUE=1.30, persistent SUE history)",,2026-08-06,2026-08-07T01:02:54
LDOS,US,6.63,0.96,earnings,"Leidos Portfolio Diversification Seen Underappreciated, RBC Says",1,1.492,Stayer (persistent),5/5 prior quarters same sign as current,"Consistent with PEAD continuation, high confidence (Day 1, immediate window, SUE=1.49, persistent SUE history)",,2026-08-06,2026-08-07T01:02:54
FOX,US,6.07,1.45,"earnings, M&A, product/contract",Roku beats second quarter estimates ahead of Fox acquisition,62,1.143,Stayer (persistent),5/5 prior quarters same sign as current,"Consistent with PEAD continuation, moderate confidence (Day 62, later window, SUE=1.14, persistent SUE history)",,2026-08-06,2026-08-07T01:02:54
PTC,US,5.9,1.16,earnings,1 Cash-Producing Stock with Promising Prospects and 2 That Underwhelm,6,0.072,Stayer (persistent),5/5 prior quarters same sign as current,"In drift window (Day 6) - SUE near zero, ambiguous signal",,2026-08-06,2026-08-07T01:02:54
ALB,US,5.54,1.5,earnings,Albemarle Stock Jumps 8% as Lithium Pricing Triples EBITDA,66,1.657,Stayer (persistent),3/5 prior quarters same sign as current,"Consistent with PEAD continuation, moderate confidence (Day 66, later window, SUE=1.66, persistent SUE history)",,2026-08-06,2026-08-07T01:02:54
APA,US,5.4,1.41,earnings,APA Corp (APA) (Q2 2026) Earnings Call Highlights: Strong Execution Drives Production Gains and ...,66,1.42,Stayer (persistent),4/5 prior quarters same sign as current,"Consistent with PEAD continuation, moderate confidence (Day 66, later window, SUE=1.42, persistent SUE history)",,2026-08-06,2026-08-07T01:02:54
FOXA,US,5.3,2.06,"earnings, M&A, product/contract",Roku beats second quarter estimates ahead of Fox acquisition,62,2.534,Stayer (persistent),5/5 prior quarters same sign as current,"Consistent with PEAD continuation, moderate confidence (Day 62, later window, SUE=2.53, persistent SUE history)",,2026-08-06,2026-08-07T01:02:54
PODD,US,4.53,1.67,upgrade/downgrade,Insulet (PODD) Stock Looks Undervalued As The Market Stays Cautious,66,1.18,Stayer (persistent),5/5 prior quarters same sign as current,"Consistent with PEAD continuation, moderate confidence (Day 66, later window, SUE=1.18, persistent SUE history)",,2026-08-06,2026-08-07T01:02:54
OXY,US,4.14,1.98,earnings,Why Occidental Stock Is Up Today,66,2.556,Stayer (persistent),5/5 prior quarters same sign as current,"Consistent with PEAD continuation, moderate confidence (Day 66, later window, SUE=2.56, persistent SUE history)",,2026-08-06,2026-08-07T01:02:54
NEULANDLAB.NS,India,7.95,25.35,earnings,Neuland Laboratories Ltd (BOM:524558) (Q1 2027) Earnings Call Highlights: Revenue Surges 116% ...,127,-1.902,Stayer (persistent),4/5 prior quarters same sign as current,Outside typical PEAD window (Day 127),Volume 25.3x average - verify (corporate action / thin base volume?),2026-08-06,2026-08-07T01:02:54
GODIGIT.NS,India,6.49,0.16,earnings,Go Digit General Insurance Ltd (NSE:GODIGIT) Q1 2027 Earnings Call Highlights: Navigating ...,10,-2.223,Mover (inconsistent),2/5 prior quarters same sign as current,"Contradicts SUE sign (Day 10, later window, SUE=-2.22) - likely fresh catalyst",,2026-08-05,2026-08-07T01:02:54
TATATECH.NS,India,6.31,9.25,earnings,Tata Technologies Ltd (BOM:544028) Q1 2027 Earnings Call Highlights: Robust Revenue Growth and ...,14,0.094,Mover (inconsistent),2/5 prior quarters same sign as current,"In drift window (Day 14) - SUE near zero, ambiguous signal",,2026-08-06,2026-08-07T01:02:54
MAZDOCK.NS,India,6.28,6.46,unclassified - check headlines manually,India begins construction of first green hydrogen-powered ships,5,-0.596,Mover (inconsistent),1/5 prior quarters same sign as current,"Contradicts SUE sign (Day 5, immediate window, SUE=-0.60) - likely fresh catalyst",,2026-08-06,2026-08-07T01:02:54
HAL.NS,India,5.92,7.84,"earnings, product/contract",India's Hindustan Aeronautics posts quarterly profit rise as 'other income' surges,60,1.767,Stayer (persistent),5/5 prior quarters same sign as current,"Consistent with PEAD continuation, moderate confidence (Day 60, later window, SUE=1.77, persistent SUE history)",,2026-08-06,2026-08-07T01:02:54
PINELABS.NS,India,5.56,1.64,earnings,Pine Labs Ltd (NSE:PINELABS) Q1 2027 Earnings Call Highlights: Strong Growth and Strategic ...,6,-0.735,Mover (inconsistent),0/2 prior quarters same sign as current,"Contradicts SUE sign (Day 6, immediate window, SUE=-0.73) - likely fresh catalyst",,2026-08-06,2026-08-07T01:02:54
TENNIND.NS,India,5.48,4.02,unclassified - check headlines manually,(no headline found),124,,Insufficient history,Fewer than 2 prior quarters with usable SUE data,Outside typical PEAD window (Day 124),,2026-08-05,2026-08-07T01:02:54
SAPPHIRE.NS,India,5.31,0.86,earnings,Sapphire Foods India Ltd (BOM:543397) Q1 2027 Earnings Call Highlights: Strong Revenue Growth ...,9,0.976,Stayer (persistent),3/5 prior quarters same sign as current,"Consistent with PEAD continuation, moderate confidence (Day 9, later window, SUE=0.98, persistent SUE history)",,2026-08-05,2026-08-07T01:02:54
KALYANKJIL.NS,India,5.0,0.94,earnings,Kalyan Jewellers India Ltd (BOM:543278) (Q1 2027) Earnings Call Highlights: Revenue Surges 38% ...,64,0.148,Stayer (persistent),4/5 prior quarters same sign as current,"Consistent with PEAD continuation, moderate confidence (Day 64, later window, SUE=0.15, persistent SUE history)",,2026-08-06,2026-08-07T01:02:54
BDL.NS,India,4.76,4.54,unclassified - check headlines manually,(no headline found),50,-2.142,Stayer (persistent),4/5 prior quarters same sign as current,"Contradicts SUE sign (Day 50, later window, SUE=-2.14) - likely fresh catalyst",,2026-08-06,2026-08-07T01:02:54
ABNB,US,17.43,3.83,macro/sector,"Stocks to Watch Recap: Trade Desk, Under Armour, Atlassian, Airbnb",0.0,0.06,Mover (inconsistent),1/5 prior quarters same sign as current,Day 0 earnings reaction (not drift yet),,2026-08-07,2026-08-07T21:49:27
MCHP,US,13.89,1.47,"earnings, macro/sector","Microchip Technology Stock Jumps, Leads SOX Index Higher",0.0,1.668,Stayer (persistent),5/5 prior quarters same sign as current,Day 0 earnings reaction (not drift yet),,2026-08-07,2026-08-07T21:49:27
COHR,US,13.44,1.55,"earnings, macro/sector","Dow Jones Futures: As Stock Market Ramps Up, Here's What To Do; Warren Buffett, Cisco, Lumentum Due",66.0,0.165,Stayer (persistent),5/5 prior quarters same sign as current,"Consistent with PEAD continuation, moderate confidence (Day 66, later window, SUE=0.16, persistent SUE history)",,2026-08-07,2026-08-07T21:49:27
PLTR,US,10.32,1.31,"earnings, regulatory/legal, macro/sector, product/contract",SpaceX's influence ripples across markets: AlphaCheck,2.0,2.607,Stayer (persistent),4/5 prior quarters same sign as current,"Consistent with PEAD continuation, high confidence (Day 2, immediate window, SUE=2.61, persistent SUE history)",,2026-08-07,2026-08-07T21:49:27
MRNA,US,9.86,1.28,earnings,Moderna Q2 Earnings Call Highlights Cost Cuts and Pipeline Milestones,4.0,0.047,Stayer (persistent),5/5 prior quarters same sign as current,"In drift window (Day 4) - SUE near zero, ambiguous signal",,2026-08-07,2026-08-07T21:49:27
AXON,US,9.29,1.56,earnings,Axon Enterprise vs. Chewy: Do Customers of Police or Pets Make One Stock a Better Buy in 2026?,1.0,0.147,Stayer (persistent),4/5 prior quarters same sign as current,"Consistent with PEAD continuation, high confidence (Day 1, immediate window, SUE=0.15, persistent SUE history)",,2026-08-07,2026-08-07T21:49:27
HONA,US,7.69,1.73,macro/sector,"Honeywell Aerospace Needs to Resolve Supply Chain Issues for Upside, Morgan Stanley Says",1.0,,Insufficient history,Fewer than 2 prior quarters with usable SUE data,"In drift window (Day 1) - SUE unavailable, verify manually",,2026-08-07,2026-08-07T21:49:27
NEM,US,7.16,1.39,"earnings, macro/sector","Stock Market Today: Nasdaq Leaps As Fed Rate-Hike Odds Sink; Biotech Jumps 20%, Sezzle Fizzles Out",10.0,0.517,Stayer (persistent),5/5 prior quarters same sign as current,"Consistent with PEAD continuation, moderate confidence (Day 10, later window, SUE=0.52, persistent SUE history)",,2026-08-07,2026-08-07T21:49:27
APTV,US,7.02,0.91,earnings,Implied Volatility Surging for Aptiv Stock Options,1.0,1.308,Stayer (persistent),4/5 prior quarters same sign as current,"Consistent with PEAD continuation, high confidence (Day 1, immediate window, SUE=1.31, persistent SUE history)",,2026-08-07,2026-08-07T21:49:27
HPQ,US,6.64,1.07,"earnings, upgrade/downgrade",Apple Stock Surged On An Upgrade Cycle Its Own Reports Flagged Early,51.0,1.97,Mover (inconsistent),2/5 prior quarters same sign as current,"Directionally consistent but LOW confidence (Day 51, later window, SUE=1.97) - this stock's SUE history is inconsistent (mover, not stayer) -- per Kettell et al. 2022, movers show ~no significant drift",,2026-08-07,2026-08-07T21:49:27
NAVINFLUOR.NS,India,13.67,1.06,earnings,Navin Fluorine International Ltd (BOM:532504) (Q1 2027) Earnings Call Highlights: Record ...,1.0,2.192,Stayer (persistent),4/5 prior quarters same sign as current,"Consistent with PEAD continuation, high confidence (Day 1, immediate window, SUE=2.19, persistent SUE history)",,2026-08-06,2026-08-07T21:49:27
NEULANDLAB.NS,India,7.95,2.23,earnings,Neuland Laboratories Ltd (BOM:524558) (Q1 2027) Earnings Call Highlights: Revenue Surges 116% ...,1.0,3.096,Mover (inconsistent),1/5 prior quarters same sign as current,"Directionally consistent but LOW confidence (Day 1, immediate window, SUE=3.10) - this stock's SUE history is inconsistent (mover, not stayer) -- per Kettell et al. 2022, movers show ~no significant drift",,2026-08-06,2026-08-07T21:49:27
TATATECH.NS,India,6.31,8.86,earnings,Honda outsources vehicle platform development to Tata Technologies – report,14.0,0.094,Mover (inconsistent),2/5 prior quarters same sign as current,"In drift window (Day 14) - SUE near zero, ambiguous signal",,2026-08-06,2026-08-07T21:49:27
MAZDOCK.NS,India,6.28,0.96,unclassified - check headlines manually,India begins construction of first green hydrogen-powered ships,5.0,-0.596,Mover (inconsistent),1/5 prior quarters same sign as current,"Contradicts SUE sign (Day 5, immediate window, SUE=-0.60) - likely fresh catalyst",,2026-08-06,2026-08-07T21:49:27
HAL.NS,India,5.92,0.99,"earnings, product/contract",India's Hindustan Aeronautics posts quarterly profit rise as 'other income' surges,60.0,1.767,Stayer (persistent),5/5 prior quarters same sign as current,"Consistent with PEAD continuation, moderate confidence (Day 60, later window, SUE=1.77, persistent SUE history)",,2026-08-06,2026-08-07T21:49:27
PINELABS.NS,India,5.56,0.39,earnings,Pine Labs Ltd (NSE:PINELABS) Q1 2027 Earnings Call Highlights: Strong Growth and Strategic ...,6.0,-0.735,Mover (inconsistent),0/2 prior quarters same sign as current,"Contradicts SUE sign (Day 6, immediate window, SUE=-0.73) - likely fresh catalyst",,2026-08-06,2026-08-07T21:49:27
KALYANKJIL.NS,India,5.0,1.2,earnings,Kalyan Jewellers India Ltd (BOM:543278) (Q1 2027) Earnings Call Highlights: Revenue Surges 38% ...,64.0,0.148,Stayer (persistent),4/5 prior quarters same sign as current,"Consistent with PEAD continuation, moderate confidence (Day 64, later window, SUE=0.15, persistent SUE history)",,2026-08-06,2026-08-07T21:49:27
BDL.NS,India,4.76,1.01,unclassified - check headlines manually,(no headline found),50.0,-2.142,Stayer (persistent),4/5 prior quarters same sign as current,"Contradicts SUE sign (Day 50, later window, SUE=-2.14) - likely fresh catalyst",,2026-08-06,2026-08-07T21:49:27
COCHINSHIP.NS,India,4.56,2.06,unclassified - check headlines manually,India to sell up to 5% stake in Cochin Shipyard,59.0,-0.006,Stayer (persistent),3/5 prior quarters same sign as current,"In drift window (Day 59) - SUE near zero, ambiguous signal",,2026-08-06,2026-08-07T21:49:27
AIIL.NS,India,4.5,1.84,macro/sector,"India's federal investigator files new cases against Reliance Home Finance, Reliance Commercial",,,,,No recent earnings on record,,2026-08-06,2026-08-07T21:49:27
DDOG,US,11.48,1.27,earnings,"Datadog (DDOG) Grows Fast, Then Gets Punished For Slowing Down",2.0,2.463,Stayer (persistent),5/5 prior quarters same sign as current,"Consistent with PEAD continuation, high confidence (Day 2, immediate window, SUE=2.46, persistent SUE history)",,2026-08-10,2026-08-10T21:52:19
APA,US,9.01,1.15,earnings,APA (APA) Q2 Earnings: Taking a Look at Key Metrics Versus Estimates,3.0,0.12,Stayer (persistent),5/5 prior quarters same sign as current,"Consistent with PEAD continuation, high confidence (Day 3, immediate window, SUE=0.12, persistent SUE history)",,2026-08-10,2026-08-10T21:52:19
MPC,US,7.42,0.91,earnings,3 Reasons Growth Investors Will Love Marathon Petroleum (MPC),4.0,4.59,Stayer (persistent),4/5 prior quarters same sign as current,"Consistent with PEAD continuation, high confidence (Day 4, immediate window, SUE=4.59, persistent SUE history)",,2026-08-10,2026-08-10T21:52:19
AKAM,US,6.43,1.51,"earnings, upgrade/downgrade",Jim Cramer Examines Akamai Technologies’ (AKAM) Cloud Pivot and Robotics Win,2.0,0.166,Stayer (persistent),5/5 prior quarters same sign as current,"Consistent with PEAD continuation, high confidence (Day 2, immediate window, SUE=0.17, persistent SUE history)",,2026-08-10,2026-08-10T21:52:19
CF,US,6.24,1.25,earnings,"CF Industries to Benefit From Strong Nitrogen Prices, Cash Flow Amid US-Iran Risks, RBC Says",3.0,-1.797,Mover (inconsistent),1/5 prior quarters same sign as current,"Contradicts SUE sign (Day 3, immediate window, SUE=-1.80) - likely fresh catalyst",,2026-08-10,2026-08-10T21:52:19
PANW,US,5.82,0.88,unclassified - check headlines manually,"Cybersecurity Stocks Surge, With Palo Alto Networks and CrowdStrike Leading the Charge",49.0,1.526,Stayer (persistent),5/5 prior quarters same sign as current,"Consistent with PEAD continuation, moderate confidence (Day 49, later window, SUE=1.53, persistent SUE history)",,2026-08-10,2026-08-10T21:52:19
FANG,US,5.81,0.74,earnings,Diamondback (FANG) Q2 Earnings: How Key Metrics Compare to Wall Street Estimates,,,,,No recent earnings on record,,2026-08-10,2026-08-10T21:52:19
PSX,US,5.69,0.63,earnings,Sector Update: Energy Stocks Rise Late Afternoon,3.0,3.346,Stayer (persistent),4/5 prior quarters same sign as current,"Consistent with PEAD continuation, high confidence (Day 3, immediate window, SUE=3.35, persistent SUE history)",,2026-08-10,2026-08-10T21:52:19
VRTX,US,5.61,1.96,unclassified - check headlines manually,"Why Vertex Pharma Popped, As A Key Rival Plummeted 92%",4.0,-0.058,Mover (inconsistent),2/5 prior quarters same sign as current,"In drift window (Day 4) - SUE near zero, ambiguous signal",,2026-08-10,2026-08-10T21:52:19
VLO,US,5.58,0.85,earnings,Archrock Miss Q2 Earnings & Revenues Estimates on AMS Weakness,7.0,4.225,Stayer (persistent),5/5 prior quarters same sign as current,"Consistent with PEAD continuation, moderate confidence (Day 7, later window, SUE=4.22, persistent SUE history)",,2026-08-10,2026-08-10T21:52:19
SAPPHIRE.NS,India,12.26,0.74,earnings,Sapphire Foods India Ltd (BOM:543397) Q1 2027 Earnings Call Highlights: Strong Revenue Growth ...,11.0,0.976,Stayer (persistent),3/5 prior quarters same sign as current,"Consistent with PEAD continuation, moderate confidence (Day 11, later window, SUE=0.98, persistent SUE history)",,2026-08-07,2026-08-10T21:52:19
ENRIN.NS,India,12.19,0.9,unclassified - check headlines manually,"MSCI to add Paytm, 3 other Indian stocks to flagship global index",2.0,4.02,Stayer (persistent),3/3 prior quarters same sign as current,"Consistent with PEAD continuation, high confidence (Day 2, immediate window, SUE=4.02, persistent SUE history)",,2026-08-07,2026-08-10T21:52:19
TATATECH.NS,India,8.89,1.31,earnings,Honda outsources vehicle platform development to Tata Technologies – report,16.0,0.094,Mover (inconsistent),2/5 prior quarters same sign as current,"In drift window (Day 16) - SUE near zero, ambiguous signal",,2026-08-07,2026-08-10T21:52:19
DEVYANI.NS,India,8.78,0.56,earnings,Devyani International Ltd (BOM:543330) Q1 2027 Earnings Call Highlights: Strong Revenue Growth ...,8.0,0.595,Mover (inconsistent),0/5 prior quarters same sign as current,"Directionally consistent but LOW confidence (Day 8, later window, SUE=0.59) - this stock's SUE history is inconsistent (mover, not stayer) -- per Kettell et al. 2022, movers show ~no significant drift",,2026-08-07,2026-08-10T21:52:19
MOTHERSON.NS,India,8.71,0.96,"earnings, M&A",Samvardhana Motherson International Ltd (BOM:517334) (Q1 2027) Earnings Call Highlights: Record ...,2.0,-0.224,Stayer (persistent),3/5 prior quarters same sign as current,"Contradicts SUE sign (Day 2, immediate window, SUE=-0.22) - likely fresh catalyst",,2026-08-07,2026-08-10T21:52:19
TECHNOE.NS,India,7.46,0.93,earnings,Techno Electric & Engineering Co Ltd (BOM:542141) Q4 2026 Earnings Call Highlights: Record ...,1301.0,-1.052,Stayer (persistent),3/5 prior quarters same sign as current,Outside typical PEAD window (Day 1301),,2026-08-07,2026-08-10T21:52:19
TRAVELFOOD.NS,India,6.84,0.55,unclassified - check headlines manually,"Gordon Ramsay’s Street Burger debuts at Delhi Airport, India",54.0,,Insufficient history,Fewer than 2 prior quarters with usable SUE data,"In drift window (Day 54) - SUE unavailable, verify manually",,2026-08-07,2026-08-10T21:52:19
NEULANDLAB.NS,India,6.09,0.51,earnings,Neuland Laboratories Ltd (BOM:524558) (Q1 2027) Earnings Call Highlights: Revenue Surges 116% ...,3.0,3.096,Mover (inconsistent),1/5 prior quarters same sign as current,"Directionally consistent but LOW confidence (Day 3, immediate window, SUE=3.10) - this stock's SUE history is inconsistent (mover, not stayer) -- per Kettell et al. 2022, movers show ~no significant drift",,2026-08-07,2026-08-10T21:52:19
M&MFIN.NS,India,5.05,0.77,"earnings, macro/sector",Mahindra & Mahindra Ltd (MAHMF) (Q1 2027) Earnings Call Highlights: Strong Profit Growth ...,48.0,0.316,Stayer (persistent),5/5 prior quarters same sign as current,"Consistent with PEAD continuation, moderate confidence (Day 48, later window, SUE=0.32, persistent SUE history)",,2026-08-07,2026-08-10T21:52:19
PWL.NS,India,4.86,0.58,earnings,PhysicsWallah Ltd (NSE:PWL) Q4 2026 Earnings Call Highlights: Strong Revenue Growth and ...,53.0,0.943,Insufficient history,Fewer than 2 prior quarters with usable SUE data,"Consistent with PEAD continuation, low confidence (Day 53, later window, SUE=0.94, insufficient history to assess persistence)",,2026-08-07,2026-08-10T21:52:19
KKR,US,6.88,1.57,"macro/sector, product/contract",Update: Equities Post Back-to-Back Declines Amid Hormuz Deal Doubts,8,2.363,Stayer (persistent),4/5 prior quarters same sign as current,"Consistent with PEAD continuation, moderate confidence (Day 8, later window, SUE=2.36, persistent SUE history)",,2026-08-11,2026-08-11T21:58:13
AXON,US,6.7,1.29,earnings,Axon Jumps After Earnings Beat and Analyst Target Hikes: Here’s The Next Catalyst Investors Are Waiting On,4,0.147,Stayer (persistent),4/5 prior quarters same sign as current,"Consistent with PEAD continuation, high confidence (Day 4, immediate window, SUE=0.15, persistent SUE history)",,2026-08-11,2026-08-11T21:58:13
APO,US,6.26,1.37,"macro/sector, product/contract",Update: Equities Post Back-to-Back Declines Amid Hormuz Deal Doubts,4,-0.243,Mover (inconsistent),1/5 prior quarters same sign as current,"Contradicts SUE sign (Day 4, immediate window, SUE=-0.24) - likely fresh catalyst",,2026-08-11,2026-08-11T21:58:13
JBL,US,5.94,0.81,"earnings, upgrade/downgrade","Jabil upgraded by UBS as AI demand, healthcare growth support outlook",39,0.378,Stayer (persistent),5/5 prior quarters same sign as current,"Consistent with PEAD continuation, moderate confidence (Day 39, later window, SUE=0.38, persistent SUE history)",,2026-08-11,2026-08-11T21:58:13
MPC,US,5.03,0.97,earnings,"MPC, PSX Stocks Hit All-Time Highs – What’s Driving The Rally In These Energy Stocks?",4,4.59,Stayer (persistent),4/5 prior quarters same sign as current,"Consistent with PEAD continuation, high confidence (Day 4, immediate window, SUE=4.59, persistent SUE history)",,2026-08-11,2026-08-11T21:58:13
GNRC,US,4.74,0.48,earnings,"Helios' Q2 Earnings & Revenues Beat Estimates, Increase Y/Y",9,3.502,Stayer (persistent),3/5 prior quarters same sign as current,"Consistent with PEAD continuation, moderate confidence (Day 9, later window, SUE=3.50, persistent SUE history)",,2026-08-11,2026-08-11T21:58:13
VRT,US,4.34,0.42,earnings,3 Reasons Growth Investors Will Love Vertiv (VRT),9,0.989,Stayer (persistent),5/5 prior quarters same sign as current,"Consistent with PEAD continuation, moderate confidence (Day 9, later window, SUE=0.99, persistent SUE history)",,2026-08-11,2026-08-11T21:58:13
BLDR,US,4.33,0.68,"M&A, macro/sector","Corning, Sunrun, Coinbase, Builders FirstSource, and Blue Bird Shares Skyrocket, What You Need To Know",8,-0.12,Mover (inconsistent),2/5 prior quarters same sign as current,"Contradicts SUE sign (Day 8, later window, SUE=-0.12) - likely fresh catalyst",,2026-08-11,2026-08-11T21:58:13
SW,US,4.27,0.83,"earnings, M&A",Pricing actions dominate quarterly fiber discussions,9,-0.615,Stayer (persistent),4/5 prior quarters same sign as current,"Contradicts SUE sign (Day 9, later window, SUE=-0.62) - likely fresh catalyst",,2026-08-11,2026-08-11T21:58:13
TPL,US,4.15,1.1,"earnings, product/contract",Can Viper's Riverbend Deal Extend Production Growth Through 2026?,4,0.119,Mover (inconsistent),1/5 prior quarters same sign as current,"Directionally consistent but LOW confidence (Day 4, immediate window, SUE=0.12) - this stock's SUE history is inconsistent (mover, not stayer) -- per Kettell et al. 2022, movers show ~no significant drift",,2026-08-11,2026-08-11T21:58:13
POWERINDIA.NS,India,10.58,1.32,earnings,Hitachi Energy India Ltd (BOM:543187) (Q1 2027) Earnings Call Highlights: Record Backlog and ...,2,1.72,Stayer (persistent),4/5 prior quarters same sign as current,"Consistent with PEAD continuation, high confidence (Day 2, immediate window, SUE=1.72, persistent SUE history)",,2026-08-10,2026-08-11T21:58:13
PAYTM.NS,India,9.88,1.43,earnings,Indian payments firms flag competition risks in one-click UPI checkout- report,15,0.275,Stayer (persistent),3/5 prior quarters same sign as current,"Consistent with PEAD continuation, moderate confidence (Day 15, later window, SUE=0.28, persistent SUE history)",,2026-08-10,2026-08-11T21:58:13
SYRMA.NS,India,6.44,0.6,earnings,Syrma SGS Technology Ltd (BOM:543573) (Q1 2027) Earnings Call Highlights: Revenue Surges 67% as ...,9,1.32,Stayer (persistent),4/5 prior quarters same sign as current,"Consistent with PEAD continuation, moderate confidence (Day 9, later window, SUE=1.32, persistent SUE history)",,2026-08-10,2026-08-11T21:58:13
BEML.NS,India,5.4,1.05,unclassified - check headlines manually,(no headline found),4466,1.606,Mover (inconsistent),0/3 prior quarters same sign as current,Outside typical PEAD window (Day 4466),,2026-08-10,2026-08-11T21:58:13
SUMICHEM.NS,India,5.31,1.03,earnings,Sumitomo Chemical India Ltd (BOM:542920) Q4 2026 Earnings Call Highlights: Record Profitability ...,10,2.879,Stayer (persistent),3/5 prior quarters same sign as current,"Consistent with PEAD continuation, moderate confidence (Day 10, later window, SUE=2.88, persistent SUE history)",,2026-08-10,2026-08-11T21:58:13
SCHNEIDER.NS,India,5.17,0.98,earnings,Schneider Electric Infrastructure Ltd (BOM:534139) Q3 2026 Earnings Call Highlights: Record ...,53,-1.996,Stayer (persistent),3/5 prior quarters same sign as current,"Contradicts SUE sign (Day 53, later window, SUE=-2.00) - likely fresh catalyst",,2026-08-10,2026-08-11T21:58:13
PINELABS.NS,India,4.86,1.5,earnings,Pine Labs Ltd (NSE:PINELABS) Q1 2027 Earnings Call Highlights: Strong Growth and Strategic ...,9,-0.735,Mover (inconsistent),0/2 prior quarters same sign as current,"Contradicts SUE sign (Day 9, later window, SUE=-0.73) - likely fresh catalyst",,2026-08-10,2026-08-11T21:58:13
CEMPRO.NS,India,4.83,0.77,earnings,Cemindia Projects Ltd (BOM:509496) Q1 2027 Earnings Call Highlights: Strong Order Book and ...,9,-2.24,Mover (inconsistent),0/5 prior quarters same sign as current,"Contradicts SUE sign (Day 9, later window, SUE=-2.24) - likely fresh catalyst",,2026-08-10,2026-08-11T21:58:13
POLYMED.NS,India,4.64,5.9,"earnings, M&A",Poly Medicure Ltd (BOM:531768) Q4 2026 Earnings Call Highlights: Strategic Growth Amidst Challenges,2,1.735,Mover (inconsistent),1/5 prior quarters same sign as current,"Directionally consistent but LOW confidence (Day 2, immediate window, SUE=1.73) - this stock's SUE history is inconsistent (mover, not stayer) -- per Kettell et al. 2022, movers show ~no significant drift",,2026-08-10,2026-08-11T21:58:13
NAUKRI.NS,India,4.63,5.68,earnings,Info Edge (India) Ltd (BOM:532777) (Q1 2027) Earnings Call Highlights: AI-Driven Growth and ...,0,0.244,Mover (inconsistent),2/5 prior quarters same sign as current,Day 0 earnings reaction (not drift yet),,2026-08-10,2026-08-11T21:58:13
SMCI,US,19.02,3.7,"earnings, macro/sector","Earnings live updates: Cisco and Cerebras earnings point to strong AI demand, but their stocks are falling anyway",0,4.514,Stayer (persistent),3/5 prior quarters same sign as current,Day 0 earnings reaction (not drift yet),,2026-08-12,2026-08-12T21:55:51
LITE,US,13.63,2.27,"earnings, macro/sector","AI infrastructure stocks surge after strong earnings from CoreWeave, Supermicro",0,2.866,Stayer (persistent),5/5 prior quarters same sign as current,Day 0 earnings reaction (not drift yet),,2026-08-12,2026-08-12T21:55:51
CIEN,US,11.49,2.07,earnings,"AI infrastructure stocks surge after strong earnings from CoreWeave, Supermicro",49,1.317,Stayer (persistent),4/5 prior quarters same sign as current,"Consistent with PEAD continuation, moderate confidence (Day 49, later window, SUE=1.32, persistent SUE history)",,2026-08-12,2026-08-12T21:55:51
DELL,US,9.87,1.08,earnings,Forget big tech: the real AI money is in plumbing,54,4.54,Stayer (persistent),4/5 prior quarters same sign as current,"Consistent with PEAD continuation, moderate confidence (Day 54, later window, SUE=4.54, persistent SUE history)",,2026-08-12,2026-08-12T21:55:51
COHR,US,8.24,1.42,earnings,"AI infrastructure stocks surge after strong earnings from CoreWeave, Supermicro",69,0.165,Stayer (persistent),5/5 prior quarters same sign as current,"Consistent with PEAD continuation, moderate confidence (Day 69, later window, SUE=0.16, persistent SUE history)",,2026-08-12,2026-08-12T21:55:51
HPE,US,8.11,1.28,earnings,Cisco Stock Falls After Hours as Services Revenue Miss Overshadows Record Fourth-Quarter Results,51,4.748,Stayer (persistent),4/5 prior quarters same sign as current,"Consistent with PEAD continuation, moderate confidence (Day 51, later window, SUE=4.75, persistent SUE history)",,2026-08-12,2026-08-12T21:55:51
STX,US,7.03,0.91,earnings,Freshworks’s Q2 Earnings Call: Our Top 5 Analyst Questions,10,2.632,Stayer (persistent),5/5 prior quarters same sign as current,"Consistent with PEAD continuation, moderate confidence (Day 10, later window, SUE=2.63, persistent SUE history)",,2026-08-12,2026-08-12T21:55:51
ANET,US,6.39,1.06,earnings,Cisco Stock Falls After Hours as Services Revenue Miss Overshadows Record Fourth-Quarter Results,5,4.21,Stayer (persistent),5/5 prior quarters same sign as current,"Consistent with PEAD continuation, high confidence (Day 5, immediate window, SUE=4.21, persistent SUE history)",,2026-08-12,2026-08-12T21:55:51
TER,US,6.11,0.68,unclassified - check headlines manually,Aehr Test Systems Stock Soars 72% in a Month: Is it Still a Buy?,10,3.562,Stayer (persistent),5/5 prior quarters same sign as current,"Consistent with PEAD continuation, moderate confidence (Day 10, later window, SUE=3.56, persistent SUE history)",,2026-08-12,2026-08-12T21:55:51
SNDK,US,5.76,0.73,macro/sector,"Update: US Equity Indexes Mixed as AI Infrastructure Players Boost Tech, Cooling Inflation Raises Odds of Sixth Fed Policy Pause",4,1.376,Stayer (persistent),5/5 prior quarters same sign as current,"Consistent with PEAD continuation, high confidence (Day 4, immediate window, SUE=1.38, persistent SUE history)",,2026-08-12,2026-08-12T21:55:51
CHENNPETRO.NS,India,15.0,0.79,earnings,"Indian Oil to team up with Vitol in global trading push, source says",1446,-1.899,Mover (inconsistent),2/5 prior quarters same sign as current,Outside typical PEAD window (Day 1446),,2026-08-11,2026-08-12T21:55:51
FINCABLES.NS,India,14.16,14.79,earnings,Finolex Cables Ltd (BOM:500144) Q4 2026 Earnings Call Highlights: Strong Revenue Growth Amidst ...,0,2.624,Mover (inconsistent),2/5 prior quarters same sign as current,Day 0 earnings reaction (not drift yet),,2026-08-11,2026-08-12T21:55:51
MRPL.NS,India,11.16,0.77,"earnings, regulatory/legal, macro/sector","Indian refiners say offers of Venezuelan oil limited, most going to US",1441,-0.188,Mover (inconsistent),2/5 prior quarters same sign as current,Outside typical PEAD window (Day 1441),,2026-08-11,2026-08-12T21:55:51
GLAND.NS,India,10.47,0.46,earnings,Gland Pharma Ltd (NSE:GLAND) (Q1 2027) Earnings Call Highlights: Record 20% Revenue Growth and ...,1,0.434,Stayer (persistent),3/5 prior quarters same sign as current,"Consistent with PEAD continuation, high confidence (Day 1, immediate window, SUE=0.43, persistent SUE history)",,2026-08-11,2026-08-12T21:55:51
ARE&M.NS,India,8.08,2.45,earnings,Amara Raja Energy & Mobility Ltd (BOM:500008) (Q1 2027) Earnings Call Highlights: Revenue ...,6,0.021,Mover (inconsistent),2/5 prior quarters same sign as current,"In drift window (Day 6) - SUE near zero, ambiguous signal",,2026-08-11,2026-08-12T21:55:51
SAPPHIRE.NS,India,6.98,0.58,earnings,Sapphire Foods India Ltd (BOM:543397) Q1 2027 Earnings Call Highlights: Strong Revenue Growth ...,13,0.976,Stayer (persistent),3/5 prior quarters same sign as current,"Consistent with PEAD continuation, moderate confidence (Day 13, later window, SUE=0.98, persistent SUE history)",,2026-08-11,2026-08-12T21:55:51
DEVYANI.NS,India,6.91,0.53,earnings,Devyani International Ltd (BOM:543330) Q1 2027 Earnings Call Highlights: Strong Revenue Growth ...,9,0.595,Mover (inconsistent),0/5 prior quarters same sign as current,"Directionally consistent but LOW confidence (Day 9, later window, SUE=0.59) - this stock's SUE history is inconsistent (mover, not stayer) -- per Kettell et al. 2022, movers show ~no significant drift",,2026-08-11,2026-08-12T21:55:51
ZYDUSLIFE.NS,India,6.43,2.48,"earnings, M&A, product/contract",Mereo BioPharma and Sentynl Therapeutics sign licensing deal for alvelestat,0,-1.045,Mover (inconsistent),1/5 prior quarters same sign as current,Day 0 earnings reaction (not drift yet),,2026-08-11,2026-08-12T21:55:51
POLICYBZR.NS,India,6.32,0.53,"earnings, regulatory/legal","Jefferies sees brighter India outlook as credit, capital flows ramp up; removes HDFC Bank in portfolio revamp",4,0.254,Stayer (persistent),4/5 prior quarters same sign as current,"Consistent with PEAD continuation, high confidence (Day 4, immediate window, SUE=0.25, persistent SUE history)",,2026-08-11,2026-08-12T21:55:51
NAUKRI.NS,India,6.08,0.65,earnings,Info Edge (India) Ltd (BOM:532777) (Q1 2027) Earnings Call Highlights: AI-Driven Growth and ...,1,0.244,Mover (inconsistent),2/5 prior quarters same sign as current,"Directionally consistent but LOW confidence (Day 1, immediate window, SUE=0.24) - this stock's SUE history is inconsistent (mover, not stayer) -- per Kettell et al. 2022, movers show ~no significant drift",,2026-08-11,2026-08-12T21:55:51
WDAY,US,17.78,4.51,"earnings, macro/sector","Dow Jones Futures: S&P 500 Hits High On Workday, Sandisk, Oil Prices; Applied Materials Earnings Late",59.0,1.599,Stayer (persistent),5/5 prior quarters same sign as current,"Consistent with PEAD continuation, moderate confidence (Day 59, later window, SUE=1.60, persistent SUE history)",,2026-08-13,2026-08-13T21:56:34
SNDK,US,13.67,1.47,"earnings, macro/sector","Dow Jones Futures: S&P 500 Hits High On Workday, Sandisk, Oil Prices; Applied Materials Earnings Late",5.0,1.376,Stayer (persistent),5/5 prior quarters same sign as current,"Consistent with PEAD continuation, high confidence (Day 5, immediate window, SUE=1.38, persistent SUE history)",,2026-08-13,2026-08-13T21:56:34
GDDY,US,9.45,0.94,unclassified - check headlines manually,"Exclusive: GoDaddy CFO on Airo, ARPU growth and the shift to AI discovery",9.0,0.091,Stayer (persistent),3/5 prior quarters same sign as current,"In drift window (Day 9) - SUE near zero, ambiguous signal",,2026-08-13,2026-08-13T21:56:34
CSGP,US,8.36,1.3,unclassified - check headlines manually,Here’s Why Baron Opportunity Fund Sold CoStar Group (CSGP),11.0,1.708,Stayer (persistent),5/5 prior quarters same sign as current,"Consistent with PEAD continuation, moderate confidence (Day 11, later window, SUE=1.71, persistent SUE history)",,2026-08-13,2026-08-13T21:56:34
TTD,US,7.93,0.75,earnings,3 Small-Cap Stocks We Find Risky,4.0,-1.121,Mover (inconsistent),1/5 prior quarters same sign as current,"Contradicts SUE sign (Day 4, immediate window, SUE=-1.12) - likely fresh catalyst",,2026-08-13,2026-08-13T21:56:34
FISV,US,7.64,0.72,"earnings, regulatory/legal",Fiserv (FISV) Q2 2026 Earnings Call Transcript,4.0,-0.49,Mover (inconsistent),1/5 prior quarters same sign as current,"Contradicts SUE sign (Day 4, immediate window, SUE=-0.49) - likely fresh catalyst",,2026-08-13,2026-08-13T21:56:34
FDXF,US,7.61,3.38,"earnings, macro/sector",FedEx Freight Holding Company (FDXF) has the Potential for Stronger Standalone Growth,,,,,No recent earnings on record,,2026-08-13,2026-08-13T21:56:34
WDC,US,7.31,0.91,earnings,Make Your STX Shares Pay You 26% Per Year While You Hold Them,5.0,1.297,Stayer (persistent),5/5 prior quarters same sign as current,"Consistent with PEAD continuation, high confidence (Day 5, immediate window, SUE=1.30, persistent SUE history)",,2026-08-13,2026-08-13T21:56:34
GPN,US,7.12,0.71,earnings,"Fintech, Payments Firms Outperform Expectations Amid Solid Consumer Spending, RBC Says",5.0,0.47,Stayer (persistent),4/5 prior quarters same sign as current,"Consistent with PEAD continuation, high confidence (Day 5, immediate window, SUE=0.47, persistent SUE history)",,2026-08-13,2026-08-13T21:56:34
INTU,US,7.04,1.43,unclassified - check headlines manually,Intuit's AI and Mid-Market Push: Can Growth Follow Through?,60.0,0.808,Stayer (persistent),5/5 prior quarters same sign as current,"Consistent with PEAD continuation, moderate confidence (Day 60, later window, SUE=0.81, persistent SUE history)",,2026-08-13,2026-08-13T21:56:34
NATIONALUM.NS,India,8.25,0.85,earnings,National Aluminium Co Ltd (BOM:532234) (Q1 2027) Earnings Call Highlights: Record Production ...,9.0,0.62,Stayer (persistent),4/5 prior quarters same sign as current,"Consistent with PEAD continuation, moderate confidence (Day 9, later window, SUE=0.62, persistent SUE history)",,2026-08-12,2026-08-13T21:56:34
APARINDS.NS,India,7.48,0.83,earnings,Apar Industries Ltd (BOM:532259) Q1 2027 Earnings Call Highlights: Record Profits Amidst Market ...,14.0,4.018,Stayer (persistent),4/5 prior quarters same sign as current,"Consistent with PEAD continuation, moderate confidence (Day 14, later window, SUE=4.02, persistent SUE history)",,2026-08-12,2026-08-13T21:56:34
ZEEL.NS,India,6.51,0.71,"earnings, regulatory/legal",Zee Entertainment Enterprises Ltd (BOM:505537) (Q1 2027) Earnings Call Highlights: ZEE5 Surges ...,1.0,-0.616,Stayer (persistent),4/5 prior quarters same sign as current,"Contradicts SUE sign (Day 1, immediate window, SUE=-0.62) - likely fresh catalyst",,2026-08-12,2026-08-13T21:56:34
FINCABLES.NS,India,5.98,0.42,earnings,Finolex Cables Ltd (BOM:500144) Q4 2026 Earnings Call Highlights: Strong Revenue Growth Amidst ...,1.0,2.624,Mover (inconsistent),2/5 prior quarters same sign as current,"Directionally consistent but LOW confidence (Day 1, immediate window, SUE=2.62) - this stock's SUE history is inconsistent (mover, not stayer) -- per Kettell et al. 2022, movers show ~no significant drift",,2026-08-12,2026-08-13T21:56:34
SPLPETRO.NS,India,5.9,0.74,earnings,Supreme Petrochem Ltd (BOM:500405) Q3 2026 Earnings Call Highlights: Navigating Challenges with ...,1711.0,-1.284,Mover (inconsistent),2/5 prior quarters same sign as current,Outside typical PEAD window (Day 1711),,2026-08-12,2026-08-13T21:56:34
VIJAYA.NS,India,5.77,0.69,unclassified - check headlines manually,(no headline found),4.0,0.867,Stayer (persistent),3/5 prior quarters same sign as current,"Consistent with PEAD continuation, high confidence (Day 4, immediate window, SUE=0.87, persistent SUE history)",,2026-08-12,2026-08-13T21:56:34
FORCEMOT.NS,India,5.12,1.32,unclassified - check headlines manually,(no headline found),,,,,No recent earnings on record,,2026-08-12,2026-08-13T21:56:34
AARTIIND.NS,India,5.07,1.05,earnings,Aarti Industries Ltd (BOM:524208) Q3 2026 Earnings Call Highlights: Strong Revenue Growth Amid ...,9.0,0.347,Stayer (persistent),4/5 prior quarters same sign as current,"Consistent with PEAD continuation, moderate confidence (Day 9, later window, SUE=0.35, persistent SUE history)",,2026-08-12,2026-08-13T21:56:34
IDEA.NS,India,4.73,1.45,earnings,Vodafone Idea Ltd (BOM:532822) (Q1 2027) Earnings Call Highlights: First Subscriber Growth ...,1.0,0.118,Stayer (persistent),4/5 prior quarters same sign as current,"Consistent with PEAD continuation, high confidence (Day 1, immediate window, SUE=0.12, persistent SUE history)",,2026-08-12,2026-08-13T21:56:34
BERGEPAINT.NS,India,4.65,0.68,earnings,Berger Paints India Ltd (BOM:509480) Q2 2026 Earnings Call Highlights: Navigating Challenges ...,5.0,0.297,Stayer (persistent),4/5 prior quarters same sign as current,"Consistent with PEAD continuation, high confidence (Day 5, immediate window, SUE=0.30, persistent SUE history)",,2026-08-12,2026-08-13T21:56:34
CPRT,US,7.55,1.95,"M&A, upgrade/downgrade","Copart, Inc. (CPRT) Stock Slides as Market Rises: Facts to Know Before You Trade",60.0,0.745,Stayer (persistent),3/5 prior quarters same sign as current,"Consistent with PEAD continuation, moderate confidence (Day 60, later window, SUE=0.74, persistent SUE history)",,2026-08-14,2026-08-14T21:33:45
SNDK,US,7.39,1.37,"earnings, macro/sector",Sandisk stock surges as Wall Street cheers flash memory maker's bullish outlook,6.0,1.376,Stayer (persistent),5/5 prior quarters same sign as current,"Consistent with PEAD continuation, high confidence (Day 6, immediate window, SUE=1.38, persistent SUE history)",,2026-08-14,2026-08-14T21:33:45
AMD,US,6.5,0.9,product/contract,Why Cloudflare and these 3 AI sub-sectors are 'the place to be' for tech investors,6.0,0.788,Stayer (persistent),4/5 prior quarters same sign as current,"Consistent with PEAD continuation, high confidence (Day 6, immediate window, SUE=0.79, persistent SUE history)",,2026-08-14,2026-08-14T21:33:45
FOX,US,5.7,0.98,"upgrade/downgrade, product/contract",Update: S&P Logs Third Consecutive Weekly Gain Despite Pullback From Record High,5.0,2.016,Stayer (persistent),5/5 prior quarters same sign as current,"Consistent with PEAD continuation, high confidence (Day 5, immediate window, SUE=2.02, persistent SUE history)",,2026-08-14,2026-08-14T21:33:45
STX,US,5.65,1.1,unclassified - check headlines manually,"Dow Jones Futures: Market Ready To Run? Sandisk Soars, Nvidia In Buy Area; Walmart, Target Due",11.0,2.632,Stayer (persistent),5/5 prior quarters same sign as current,"Consistent with PEAD continuation, moderate confidence (Day 11, later window, SUE=2.63, persistent SUE history)",,2026-08-14,2026-08-14T21:33:45
FOXA,US,5.49,1.22,"upgrade/downgrade, product/contract",Update: S&P Logs Third Consecutive Weekly Gain Despite Pullback From Record High,5.0,2.813,Stayer (persistent),5/5 prior quarters same sign as current,"Consistent with PEAD continuation, high confidence (Day 5, immediate window, SUE=2.81, persistent SUE history)",,2026-08-14,2026-08-14T21:33:45
NRG,US,5.42,0.35,earnings,Red-Hot Power Stocks Are Losing Steam,6.0,-0.179,Mover (inconsistent),1/5 prior quarters same sign as current,"Contradicts SUE sign (Day 6, immediate window, SUE=-0.18) - likely fresh catalyst",,2026-08-14,2026-08-14T21:33:45
LITE,US,5.19,0.72,unclassified - check headlines manually,Why Is Coherent (COHR) Stock Rocketing Higher Today,1.0,2.866,Stayer (persistent),5/5 prior quarters same sign as current,"Consistent with PEAD continuation, high confidence (Day 1, immediate window, SUE=2.87, persistent SUE history)",,2026-08-14,2026-08-14T21:33:45
HAL,US,4.81,1.01,earnings,"CRC Q2 Earnings Miss on Takeaway Constraints, Revenues Beat",16.0,0.301,Stayer (persistent),3/5 prior quarters same sign as current,"Consistent with PEAD continuation, moderate confidence (Day 16, later window, SUE=0.30, persistent SUE history)",,2026-08-14,2026-08-14T21:33:45
GLW,US,4.7,0.77,earnings,"Corning, Lumentum And Applied Optoelectronics Shares Popping To End The Week",11.0,1.57,Stayer (persistent),5/5 prior quarters same sign as current,"Consistent with PEAD continuation, moderate confidence (Day 11, later window, SUE=1.57, persistent SUE history)",,2026-08-14,2026-08-14T21:33:45
ASTRAL.NS,India,8.74,0.54,earnings,Astral Ltd (BOM:532830) (Q1 2027) Earnings Call Highlights: Robust 15. ...,1.0,0.041,Mover (inconsistent),2/5 prior quarters same sign as current,"In drift window (Day 1) - SUE near zero, ambiguous signal",,2026-08-13,2026-08-14T21:33:45
SOLARINDS.NS,India,8.51,3.62,earnings,Solar Industries India Ltd (BOM:532725) Q4 2026 Earnings Call Highlights: Record Revenue and ...,0.0,3.681,Mover (inconsistent),2/5 prior quarters same sign as current,Day 0 earnings reaction (not drift yet),,2026-08-13,2026-08-14T21:33:45
NETWEB.NS,India,7.1,1.05,earnings,Netweb Technologies India Ltd (NSE:NETWEB) (Q1 2027) Earnings Call Highlights: Record Revenue ...,11.0,1.696,Stayer (persistent),4/5 prior quarters same sign as current,"Consistent with PEAD continuation, moderate confidence (Day 11, later window, SUE=1.70, persistent SUE history)",,2026-08-13,2026-08-14T21:33:45
SARDAEN.NS,India,6.92,0.54,earnings,Sarda Energy & Minerals Ltd (BOM:504614) (Q1 2027) Earnings Call Highlights: Record EBITDA ...,1704.0,-1.292,Mover (inconsistent),2/5 prior quarters same sign as current,Outside typical PEAD window (Day 1704),,2026-08-13,2026-08-14T21:33:45
GPIL.NS,India,6.25,0.99,unclassified - check headlines manually,(no headline found),4.0,-0.152,Stayer (persistent),4/5 prior quarters same sign as current,"Contradicts SUE sign (Day 4, immediate window, SUE=-0.15) - likely fresh catalyst",,2026-08-13,2026-08-14T21:33:45
BHARTIHEXA.NS,India,5.35,1.38,earnings,Bharti Hexacom Ltd (NSE:BHARTIHEXA) Q3 2026 Earnings Call Highlights: Strong Operational ...,6.0,0.466,Mover (inconsistent),2/5 prior quarters same sign as current,"Directionally consistent but LOW confidence (Day 6, immediate window, SUE=0.47) - this stock's SUE history is inconsistent (mover, not stayer) -- per Kettell et al. 2022, movers show ~no significant drift",,2026-08-13,2026-08-14T21:33:45
CYIENT.NS,India,4.66,0.56,"earnings, M&A, product/contract",Cyient Ltd (BOM:532175) Q1 2027 Earnings Call Highlights: Strong Semiconductor Growth Amidst ...,15.0,-1.732,Stayer (persistent),3/5 prior quarters same sign as current,"Contradicts SUE sign (Day 15, later window, SUE=-1.73) - likely fresh catalyst",,2026-08-13,2026-08-14T21:33:45
AIIL.NS,India,4.38,0.14,macro/sector,"India's federal investigator files new cases against Reliance Home Finance, Reliance Commercial",,,,,No recent earnings on record,,2026-08-13,2026-08-14T21:33:45
IFCI.NS,India,4.29,0.93,unclassified - check headlines manually,(no headline found),2926.0,-2.19,Stayer (persistent),3/3 prior quarters same sign as current,Outside typical PEAD window (Day 2926),,2026-08-13,2026-08-14T21:33:45
CONCOR.NS,India,4.22,1.35,earnings,Container Corporation of India Ltd (BOM:531344) Q1 2027 Earnings Call Highlights: Strong Growth ...,14.0,-0.466,Stayer (persistent),4/5 prior quarters same sign as current,"Contradicts SUE sign (Day 14, later window, SUE=-0.47) - likely fresh catalyst",,2026-08-13,2026-08-14T21:33:45
SNDK,US,8.88,1.14,macro/sector,Tech searches for gains as stocks teeter at the open: AlphaCheck,8,1.376,Stayer (persistent),5/5 prior quarters same sign as current,"Consistent with PEAD continuation, moderate confidence (Day 8, later window, SUE=1.38, persistent SUE history)",,2026-08-17,2026-08-17T21:33:31
COHR,US,7.79,0.92,"earnings, macro/sector",Coherent (COHR) Starts Sampling 300mm Silicon Carbide Substrates For AI Infrastructure,3,1.167,Stayer (persistent),5/5 prior quarters same sign as current,"Consistent with PEAD continuation, high confidence (Day 3, immediate window, SUE=1.17, persistent SUE history)",,2026-08-17,2026-08-17T21:33:31
FIX,US,6.04,0.91,"earnings, upgrade/downgrade",S&P 500's Best Stock In 2026 Leads Index With A Bullish Move,17,2.16,Stayer (persistent),5/5 prior quarters same sign as current,"Consistent with PEAD continuation, moderate confidence (Day 17, later window, SUE=2.16, persistent SUE history)",,2026-08-17,2026-08-17T21:33:31
TER,US,5.81,1.14,unclassified - check headlines manually,Stock Market Today: Dow Falls As This Key Yield Hits 19-Year High; Warren Buffett Stock Falls (Live Coverage),14,3.562,Stayer (persistent),5/5 prior quarters same sign as current,"Consistent with PEAD continuation, moderate confidence (Day 14, later window, SUE=3.56, persistent SUE history)",,2026-08-17,2026-08-17T21:33:31
AMAT,US,5.55,1.04,unclassified - check headlines manually,S&P 500's Best Stock In 2026 Leads Index With A Bullish Move,2,1.581,Stayer (persistent),5/5 prior quarters same sign as current,"Consistent with PEAD continuation, high confidence (Day 2, immediate window, SUE=1.58, persistent SUE history)",,2026-08-17,2026-08-17T21:33:31
MRVL,US,5.54,1.03,unclassified - check headlines manually,1 Semiconductor Stock Worth Investigating and 2 We Avoid,58,0.732,Stayer (persistent),4/5 prior quarters same sign as current,"Consistent with PEAD continuation, moderate confidence (Day 58, later window, SUE=0.73, persistent SUE history)",,2026-08-17,2026-08-17T21:33:31
WDC,US,5.35,0.92,"earnings, product/contract","Micron Stock Has A New Profit Floor, But Did It Build A Ceiling Too?",8,1.297,Stayer (persistent),5/5 prior quarters same sign as current,"Consistent with PEAD continuation, moderate confidence (Day 8, later window, SUE=1.30, persistent SUE history)",,2026-08-17,2026-08-17T21:33:31
PWR,US,5.33,1.36,earnings,Can Sterling's Backlog Strengthen Its Infrastructure Growth Prospects?,12,4.268,Stayer (persistent),5/5 prior quarters same sign as current,"Consistent with PEAD continuation, moderate confidence (Day 12, later window, SUE=4.27, persistent SUE history)",,2026-08-17,2026-08-17T21:33:31
LITE,US,4.62,0.92,unclassified - check headlines manually,Nvidia's Next AI Infrastructure Bet Is Scaling Fast,4,2.866,Stayer (persistent),5/5 prior quarters same sign as current,"Consistent with PEAD continuation, high confidence (Day 4, immediate window, SUE=2.87, persistent SUE history)",,2026-08-17,2026-08-17T21:33:31
GLW,US,4.35,1.11,macro/sector,"Sandisk, Micron, Coherent, Boeing, Apple, Amazon, and More Stocks That Explain Today’s Market",14,1.57,Stayer (persistent),5/5 prior quarters same sign as current,"Consistent with PEAD continuation, moderate confidence (Day 14, later window, SUE=1.57, persistent SUE history)",,2026-08-17,2026-08-17T21:33:31
LGEINDIA.NS,India,9.59,1.59,earnings,LG Electronics India Ltd (NSE:LGEINDIA) (Q1 2027) Earnings Call Highlights: Robust 15. ...,2,0.522,Mover (inconsistent),0/2 prior quarters same sign as current,"Directionally consistent but LOW confidence (Day 2, immediate window, SUE=0.52) - this stock's SUE history is inconsistent (mover, not stayer) -- per Kettell et al. 2022, movers show ~no significant drift",,2026-08-14,2026-08-17T21:33:31
ZEEL.NS,India,5.72,1.5,"earnings, regulatory/legal",Zee Entertainment Enterprises Ltd (BOM:505537) (Q1 2027) Earnings Call Highlights: ZEE5 Surges ...,4,-0.616,Stayer (persistent),4/5 prior quarters same sign as current,"Contradicts SUE sign (Day 4, immediate window, SUE=-0.62) - likely fresh catalyst",,2026-08-14,2026-08-17T21:33:31
ELGIEQUIP.NS,India,5.72,1.43,earnings,Elgi Equipments Ltd (BOM:522074) Q4 2026 Earnings Call Highlights: Strong Revenue and PBT ...,2,0.286,Stayer (persistent),4/5 prior quarters same sign as current,"Consistent with PEAD continuation, high confidence (Day 2, immediate window, SUE=0.29, persistent SUE history)",,2026-08-14,2026-08-17T21:33:31
CEMPRO.NS,India,5.0,1.89,earnings,Cemindia Projects Ltd (BOM:509496) Q1 2027 Earnings Call Highlights: Strong Order Book and ...,14,-2.24,Mover (inconsistent),0/5 prior quarters same sign as current,"Contradicts SUE sign (Day 14, later window, SUE=-2.24) - likely fresh catalyst",,2026-08-14,2026-08-17T21:33:31
HONASA.NS,India,4.87,0.75,earnings,Honasa Consumer Ltd (NSE:HONASA) (Q1 FY2027) Earnings Call Highlights: Robust 32% Revenue ...,2,1.228,Stayer (persistent),5/5 prior quarters same sign as current,"Consistent with PEAD continuation, high confidence (Day 2, immediate window, SUE=1.23, persistent SUE history)",,2026-08-14,2026-08-17T21:33:31
IDEA.NS,India,4.44,0.68,earnings,Suyog Telematics Ltd (BOM:537259) (Q1 2027) Earnings Call Highlights: Strong Execution on ...,4,0.11,Stayer (persistent),4/5 prior quarters same sign as current,"Consistent with PEAD continuation, high confidence (Day 4, immediate window, SUE=0.11, persistent SUE history)",,2026-08-14,2026-08-17T21:33:31
ASAHIINDIA.NS,India,4.24,0.68,unclassified - check headlines manually,(no headline found),1103,1.781,Stayer (persistent),4/5 prior quarters same sign as current,Outside typical PEAD window (Day 1103),,2026-08-14,2026-08-17T21:33:31
SUMICHEM.NS,India,4.04,0.91,earnings,Sumitomo Chemical India Ltd (BOM:542920) Q4 2026 Earnings Call Highlights: Record Profitability ...,14,2.879,Stayer (persistent),3/5 prior quarters same sign as current,"Consistent with PEAD continuation, moderate confidence (Day 14, later window, SUE=2.88, persistent SUE history)",,2026-08-14,2026-08-17T21:33:31
ACUTAAS.NS,India,4.02,0.77,earnings,Acutaas Chemicals Ltd (BOM:543349) Q1 2027 Earnings Call Highlights: Robust Growth and ...,16,-0.337,Mover (inconsistent),1/5 prior quarters same sign as current,"Contradicts SUE sign (Day 16, later window, SUE=-0.34) - likely fresh catalyst",,2026-08-14,2026-08-17T21:33:31
BATAINDIA.NS,India,3.85,0.7,"earnings, M&A","Exclusive-Founders of India's RedTape seek stake sale, solicit Blackstone, KKR interest",4,0.19,Mover (inconsistent),1/5 prior quarters same sign as current,"Directionally consistent but LOW confidence (Day 4, immediate window, SUE=0.19) - this stock's SUE history is inconsistent (mover, not stayer) -- per Kettell et al. 2022, movers show ~no significant drift",,2026-08-14,2026-08-17T21:33:31
TRGP,US,7.13,2.06,"earnings, macro/sector","Dow Jones Futures: Sandisk, Micron, Credo Lead AI Rug Pull; Target Earnings Due",8,0.813,Stayer (persistent),4/5 prior quarters same sign as current,"Consistent with PEAD continuation, moderate confidence (Day 8, later window, SUE=0.81, persistent SUE history)",,2026-08-18,2026-08-18T21:32:46
PODD,US,5.96,0.69,earnings,5 Must-Read Analyst Questions From Insulet’s Q2 Earnings Call,9,1.078,Stayer (persistent),5/5 prior quarters same sign as current,"Consistent with PEAD continuation, moderate confidence (Day 9, later window, SUE=1.08, persistent SUE history)",,2026-08-18,2026-08-18T21:32:46
ULTA,US,4.75,1.38,"earnings, product/contract",Target Earnings Prediction Market Preview: What Will Michael Fiddelke Say?,54,1.252,Stayer (persistent),4/5 prior quarters same sign as current,"Consistent with PEAD continuation, moderate confidence (Day 54, later window, SUE=1.25, persistent SUE history)",,2026-08-18,2026-08-18T21:32:46
INTU,US,4.41,1.17,unclassified - check headlines manually,"Software Stocks Soar in Rotational Trade: Monday.com Up 7%, HubSpot Up 6%, Intuit Up 5%",64,0.808,Stayer (persistent),5/5 prior quarters same sign as current,"Consistent with PEAD continuation, moderate confidence (Day 64, later window, SUE=0.81, persistent SUE history)",,2026-08-18,2026-08-18T21:32:46
MNST,US,4.09,1.83,earnings,Can Monster Energy's 22% Segment Growth Keep Driving MNST?,8,0.392,Stayer (persistent),3/5 prior quarters same sign as current,"Consistent with PEAD continuation, moderate confidence (Day 8, later window, SUE=0.39, persistent SUE history)",,2026-08-18,2026-08-18T21:32:46
ERIE,US,3.71,0.68,earnings,Do Wall Street Analysts Like Erie Indemnity Stock?,13,0.311,Mover (inconsistent),2/5 prior quarters same sign as current,"Directionally consistent but LOW confidence (Day 13, later window, SUE=0.31) - this stock's SUE history is inconsistent (mover, not stayer) -- per Kettell et al. 2022, movers show ~no significant drift",,2026-08-18,2026-08-18T21:32:46
GDDY,US,3.71,0.7,unclassified - check headlines manually,"GoDaddy’s AI Will Stabilize Growth, Analyst Says. Plus, Lionsgate Studios and 3 More Stocks.",13,0.099,Stayer (persistent),5/5 prior quarters same sign as current,"In drift window (Day 13) - SUE near zero, ambiguous signal",,2026-08-18,2026-08-18T21:32:46
TYL,US,3.66,0.66,earnings,Axon Jumps After Earnings Beat and Analyst Target Hikes: Here’s The Next Catalyst Investors Are Waiting On,14,0.104,Stayer (persistent),4/5 prior quarters same sign as current,"Consistent with PEAD continuation, moderate confidence (Day 14, later window, SUE=0.10, persistent SUE history)",,2026-08-18,2026-08-18T21:32:46
LLY,US,3.6,0.63,earnings,"Dow Jones Futures: Sandisk, Micron, Credo Lead AI Rug Pull; Target Earnings Due",9,2.991,Stayer (persistent),4/5 prior quarters same sign as current,"Consistent with PEAD continuation, moderate confidence (Day 9, later window, SUE=2.99, persistent SUE history)",,2026-08-18,2026-08-18T21:32:46
ADBE,US,3.58,1.02,"upgrade/downgrade, regulatory/legal","Netflix, Salesforce, and Adobe Rally as Investors Rotate Out of Semiconductors and Into Beaten Down Stocks",48,2.197,Stayer (persistent),5/5 prior quarters same sign as current,"Consistent with PEAD continuation, moderate confidence (Day 48, later window, SUE=2.20, persistent SUE history)",,2026-08-18,2026-08-18T21:32:46
IPCALAB.NS,India,8.67,0.7,earnings,Health Care Roundup: Market Talk,3,1.869,Stayer (persistent),5/5 prior quarters same sign as current,"Consistent with PEAD continuation, high confidence (Day 3, immediate window, SUE=1.87, persistent SUE history)",,2026-08-17,2026-08-18T21:32:46
HINDCOPPER.NS,India,8.24,0.87,unclassified - check headlines manually,Hindustan Copper plans supply of Chilean copper to Hindalco and Adani,1960,0.502,Mixed,2/4 prior quarters same sign as current,Outside typical PEAD window (Day 1960),,2026-08-17,2026-08-18T21:32:46
PTCIL.NS,India,8.05,1.26,unclassified - check headlines manually,(no headline found),2,-0.002,Stayer (persistent),2/3 prior quarters same sign as current,"In drift window (Day 2) - SUE near zero, ambiguous signal",,2026-08-17,2026-08-18T21:32:46
GPIL.NS,India,6.54,0.99,unclassified - check headlines manually,(no headline found),7,-0.152,Stayer (persistent),4/5 prior quarters same sign as current,"Contradicts SUE sign (Day 7, later window, SUE=-0.15) - likely fresh catalyst",,2026-08-17,2026-08-18T21:32:46
INOXWIND.NS,India,6.05,1.15,earnings,Inox Wind Ltd (BOM:539083) (Q1 FY27) Earnings Call Highlights: Strategic Pivot Drives Order ...,7,-0.241,Stayer (persistent),5/5 prior quarters same sign as current,"Contradicts SUE sign (Day 7, later window, SUE=-0.24) - likely fresh catalyst",,2026-08-17,2026-08-18T21:32:46
FINCABLES.NS,India,5.93,0.22,earnings,Finolex Cables Ltd (BOM:500144) (Q1 2027) Earnings Call Highlights: Revenue Surges 44% to INR ...,4,2.624,Mover (inconsistent),2/5 prior quarters same sign as current,"Directionally consistent but LOW confidence (Day 4, immediate window, SUE=2.62) - this stock's SUE history is inconsistent (mover, not stayer) -- per Kettell et al. 2022, movers show ~no significant drift",,2026-08-17,2026-08-18T21:32:46
MOTILALOFS.NS,India,5.68,0.82,"earnings, product/contract",Motilal Oswal Financial Services Ltd (BOM:532892) Q1 2027 Earnings Call Highlights: Strong ...,18,4.225,Stayer (persistent),3/5 prior quarters same sign as current,"Consistent with PEAD continuation, moderate confidence (Day 18, later window, SUE=4.23, persistent SUE history)",,2026-08-17,2026-08-18T21:32:46
BALRAMCHIN.NS,India,4.95,1.6,earnings,Balrampur Chini Mills Ltd (BOM:500038) (Q1 2027) Earnings Call Highlights: Sugar Price Surge ...,4,-0.213,Mover (inconsistent),2/5 prior quarters same sign as current,"Contradicts SUE sign (Day 4, immediate window, SUE=-0.21) - likely fresh catalyst",,2026-08-17,2026-08-18T21:32:46
OBEROIRLTY.NS,India,4.6,3.27,"earnings, regulatory/legal",Oberoi Realty Ltd (BOM:533273) Q1 2027 Earnings Call Highlights: Strong Occupancy and Strategic ...,22,-0.727,Stayer (persistent),4/5 prior quarters same sign as current,"Contradicts SUE sign (Day 22, later window, SUE=-0.73) - likely fresh catalyst",,2026-08-17,2026-08-18T21:32:46
CHENNPETRO.NS,India,4.58,1.07,earnings,"Indian Oil to team up with Vitol in global trading push, source says",1450,-1.899,Mover (inconsistent),2/5 prior quarters same sign as current,Outside typical PEAD window (Day 1450),,2026-08-17,2026-08-18T21:32:46
MRNA,US,176.97,31.45,macro/sector,"Moderna, Merck melanoma cancer vaccine is a 'grand slam': Dr. Ezekiel Emanuel",13.0,0.047,Stayer (persistent),5/5 prior quarters same sign as current,"In drift window (Day 13) - SUE near zero, ambiguous signal",Volume 31.4x average - verify (corporate action / thin base volume?),2026-08-19,2026-08-19T21:33:44
EL,US,16.3,4.85,earnings,"Earnings live updates: Estée Lauder stock surges on turnaround progress, Wolfspeed stock falls",78.0,,N/A - no analyst estimate for most recent report,SUE history exists for older quarters but not the most recent report; persistence can't be judged without a current SUE to compare,"In drift window (Day 78) - SUE unavailable, verify manually",,2026-08-19,2026-08-19T21:33:44
MRK,US,12.6,4.08,unclassified - check headlines manually,Moderna & Merck stocks skyrocket on their cancer vaccine trial's success. Here's what to know.,10.0,1.08,Stayer (persistent),5/5 prior quarters same sign as current,"Consistent with PEAD continuation, moderate confidence (Day 10, later window, SUE=1.08, persistent SUE history)",,2026-08-19,2026-08-19T21:33:44
ARE,US,10.27,1.5,earnings,Alexandria Real Estate Equities Q2 Earnings Call Highlights,11.0,0.021,Mover (inconsistent),2/5 prior quarters same sign as current,"In drift window (Day 11) - SUE near zero, ambiguous signal",,2026-08-19,2026-08-19T21:33:44
MRVL,US,9.85,2.19,product/contract,Marvell Technology (MRVL) Expands Google AI Partnership: What Investors Need to Know,59.0,0.732,Stayer (persistent),4/5 prior quarters same sign as current,"Consistent with PEAD continuation, moderate confidence (Day 59, later window, SUE=0.73, persistent SUE history)",,2026-08-19,2026-08-19T21:33:44
COIN,US,9.55,2.25,product/contract,Citi enters the crypto arena: What to expect from its bitcoin custody launch,14.0,-0.584,Stayer (persistent),3/5 prior quarters same sign as current,"Contradicts SUE sign (Day 14, later window, SUE=-0.58) - likely fresh catalyst",,2026-08-19,2026-08-19T21:33:44
CVNA,US,8.37,1.15,"regulatory/legal, macro/sector",Sports billionaires are having a rough week on Wall Street,14.0,0.244,Stayer (persistent),4/5 prior quarters same sign as current,"Consistent with PEAD continuation, moderate confidence (Day 14, later window, SUE=0.24, persistent SUE history)",,2026-08-19,2026-08-19T21:33:44
NEM,US,7.85,1.19,unclassified - check headlines manually,Why Newmont Mining Rallied Today,19.0,0.517,Stayer (persistent),5/5 prior quarters same sign as current,"Consistent with PEAD continuation, moderate confidence (Day 19, later window, SUE=0.52, persistent SUE history)",,2026-08-19,2026-08-19T21:33:44
FICO,US,7.74,1.16,unclassified - check headlines manually,Does FICO’s (FICO) New Marketplace Integrations Reveal a Deeper Shift in Its Platform Strategy?,14.0,0.916,Stayer (persistent),5/5 prior quarters same sign as current,"Consistent with PEAD continuation, moderate confidence (Day 14, later window, SUE=0.92, persistent SUE history)",,2026-08-19,2026-08-19T21:33:44
CSGP,US,7.49,1.02,unclassified - check headlines manually,Is Wall Street Bullish or Bearish on CoStar Group Stock?,15.0,1.708,Stayer (persistent),5/5 prior quarters same sign as current,"Consistent with PEAD continuation, moderate confidence (Day 15, later window, SUE=1.71, persistent SUE history)",,2026-08-19,2026-08-19T21:33:44
JYOTICNC.NS,India,8.3,1.31,earnings,Jyoti CNC Automation Ltd (NSE:JYOTICNC) (Q1 2027) Earnings Call Highlights: Robust Order Book ...,8.0,-0.351,Stayer (persistent),3/5 prior quarters same sign as current,"Contradicts SUE sign (Day 8, later window, SUE=-0.35) - likely fresh catalyst",,2026-08-18,2026-08-19T21:33:44
TIINDIA.NS,India,7.94,0.93,earnings,Tube Investments of India Ltd (NSE:TIINDIA) (Q1 2027) Earnings Call Highlights: Strong Revenue ...,3.0,-0.218,Mover (inconsistent),1/5 prior quarters same sign as current,"Contradicts SUE sign (Day 3, immediate window, SUE=-0.22) - likely fresh catalyst",,2026-08-18,2026-08-19T21:33:44
PFOCUS.NS,India,7.45,1.85,unclassified - check headlines manually,(no headline found),,,,,No recent earnings on record,,2026-08-18,2026-08-19T21:33:44
GLAXO.NS,India,6.46,13.45,earnings,GlaxoSmithKline Pharmaceuticals Ltd (BOM:500660) Q2 2026 Earnings Call Highlights: Navigating ...,11.0,0.03,Mover (inconsistent),2/5 prior quarters same sign as current,"In drift window (Day 11) - SUE near zero, ambiguous signal",,2026-08-18,2026-08-19T21:33:44
ACE.NS,India,6.38,1.5,earnings,Action Construction Equipment Ltd (BOM:532762) Q4 2026 Earnings Call Highlights: Record Revenue ...,724.0,1.705,Mover (inconsistent),2/5 prior quarters same sign as current,Outside typical PEAD window (Day 724),,2026-08-18,2026-08-19T21:33:44
ZENTEC.NS,India,6.32,1.42,earnings,Zen Technologies Ltd (BOM:533339) Q1 2027 Earnings Call Highlights: Navigating Challenges with ...,,,,,No recent earnings on record,,2026-08-18,2026-08-19T21:33:44
AEGISLOG.NS,India,6.25,0.58,earnings,Aegis Logistics Ltd (BOM:500003) (Q1 2027) Earnings Call Highlights: Record PAT Surges 212% on ...,9.0,2.219,Stayer (persistent),4/5 prior quarters same sign as current,"Consistent with PEAD continuation, moderate confidence (Day 9, later window, SUE=2.22, persistent SUE history)",,2026-08-18,2026-08-19T21:33:44
ACUTAAS.NS,India,6.04,1.23,earnings,Acutaas Chemicals Ltd (BOM:543349) Q1 2027 Earnings Call Highlights: Robust Growth and ...,18.0,-0.337,Mover (inconsistent),1/5 prior quarters same sign as current,"Contradicts SUE sign (Day 18, later window, SUE=-0.34) - likely fresh catalyst",,2026-08-18,2026-08-19T21:33:44
HEG.NS,India,5.86,1.67,earnings,HEG Ltd (BOM:509631) Q1 2027 Earnings Call Highlights: Strong Revenue Growth and Strategic ...,19.0,-0.512,Stayer (persistent),4/5 prior quarters same sign as current,"Contradicts SUE sign (Day 19, later window, SUE=-0.51) - likely fresh catalyst",,2026-08-18,2026-08-19T21:33:44
WELSPUNLIV.NS,India,5.73,0.69,"earnings, macro/sector",Welspun Living Ltd (BOM:514162) (Q1 2027) Earnings Call Highlights: Record Revenue Growth and ...,4.0,0.922,Stayer (persistent),3/5 prior quarters same sign as current,"Consistent with PEAD continuation, high confidence (Day 4, immediate window, SUE=0.92, persistent SUE history)",,2026-08-18,2026-08-19T21:33:44
NDSN,US,8.0,3.29,"earnings, macro/sector",Nordson Corp (NDSN) (Q3 2026) Earnings Call Highlights: Record Sales and EPS Fueled by ...,0,1.197,Stayer (persistent),4/5 prior quarters same sign as current,Day 0 earnings reaction (not drift yet),,2026-08-20,2026-08-20T21:36:38
COIN,US,7.58,2.2,unclassified - check headlines manually,"Trump administration moves ahead with new crypto rules, with key bill stalled in Congress",14,-0.584,Stayer (persistent),3/5 prior quarters same sign as current,"Contradicts SUE sign (Day 14, later window, SUE=-0.58) - likely fresh catalyst",,2026-08-20,2026-08-20T21:36:38
DE,US,6.94,2.88,earnings,Deere & Co (DE) (Q3 2026) Earnings Call Highlights: Strong Margins and Raised Outlook Amid ...,64,,N/A - no analyst estimate for most recent report,SUE history exists for older quarters but not the most recent report; persistence can't be judged without a current SUE to compare,"In drift window (Day 64) - SUE unavailable, verify manually",,2026-08-20,2026-08-20T21:36:38
LITE,US,6.24,0.69,earnings,Beyond Chipmakers: 4 Stocks to Buy That Power AI Data Center Expansion,6,2.866,Stayer (persistent),5/5 prior quarters same sign as current,"Consistent with PEAD continuation, high confidence (Day 6, immediate window, SUE=2.87, persistent SUE history)",,2026-08-20,2026-08-20T21:36:38
Q,US,5.93,2.86,earnings,"The Zacks Analyst Blog Highlights Illumina, Qnity Electronics and nVent Electric",11,1.65,Stayer (persistent),3/3 prior quarters same sign as current,"Consistent with PEAD continuation, moderate confidence (Day 11, later window, SUE=1.65, persistent SUE history)",,2026-08-20,2026-08-20T21:36:38
MRVL,US,5.79,1.25,product/contract,The Line In The Sand For AVGO Stock,60,0.732,Stayer (persistent),4/5 prior quarters same sign as current,"Consistent with PEAD continuation, moderate confidence (Day 60, later window, SUE=0.73, persistent SUE history)",,2026-08-20,2026-08-20T21:36:38
CF,US,5.61,1.17,earnings,Is CF Industries’ (CF) Earnings Boom Built To Last Without Iran?,10,-1.797,Mover (inconsistent),1/5 prior quarters same sign as current,"Contradicts SUE sign (Day 10, later window, SUE=-1.80) - likely fresh catalyst",,2026-08-20,2026-08-20T21:36:38
MOS,US,5.04,1.6,earnings,"Brazil Potash Reports Full-Project FEED Coverage, Liquidity & Policy Support for Autazes  – Quarterly Update Report",11,-0.059,Stayer (persistent),3/5 prior quarters same sign as current,"In drift window (Day 11) - SUE near zero, ambiguous signal",,2026-08-20,2026-08-20T21:36:38
CBOE,US,4.76,1.2,unclassified - check headlines manually,This High-Yield Exchange Stock Just Raised Its Dividend by Nearly 20%,14,0.875,Stayer (persistent),5/5 prior quarters same sign as current,"Consistent with PEAD continuation, moderate confidence (Day 14, later window, SUE=0.87, persistent SUE history)",,2026-08-20,2026-08-20T21:36:38
ARE,US,4.73,1.54,earnings,Alexandria Real Estate Equities Q2 Earnings Call Highlights,11,0.021,Mover (inconsistent),2/5 prior quarters same sign as current,"In drift window (Day 11) - SUE near zero, ambiguous signal",,2026-08-20,2026-08-20T21:36:38
GLAXO.NS,India,5.39,1.21,earnings,GlaxoSmithKline Pharmaceuticals Ltd (BOM:500660) Q2 2026 Earnings Call Highlights: Navigating ...,11,0.03,Mover (inconsistent),2/5 prior quarters same sign as current,"In drift window (Day 11) - SUE near zero, ambiguous signal",,2026-08-19,2026-08-20T21:36:38
ICICIAMC.NS,India,4.99,1.16,"earnings, M&A",India's SBI Funds ends 6.2% higher on debut as investors bet on industry growth,26,-0.527,Insufficient history,Fewer than 2 prior quarters with usable SUE data,"Contradicts SUE sign (Day 26, later window, SUE=-0.53) - likely fresh catalyst",,2026-08-19,2026-08-20T21:36:38
KAYNES.NS,India,4.92,0.71,earnings,Kaynes Technology India Ltd (BOM:543664) Q4 2026 Earnings Call Highlights: Strong Revenue ...,9,-0.27,Mover (inconsistent),2/5 prior quarters same sign as current,"Contradicts SUE sign (Day 9, later window, SUE=-0.27) - likely fresh catalyst",,2026-08-19,2026-08-20T21:36:38
CYIENT.NS,India,4.19,0.94,"earnings, M&A, product/contract",Cyient Ltd (BOM:532175) Q1 2027 Earnings Call Highlights: Strong Semiconductor Growth Amidst ...,19,-1.732,Stayer (persistent),3/5 prior quarters same sign as current,"Contradicts SUE sign (Day 19, later window, SUE=-1.73) - likely fresh catalyst",,2026-08-19,2026-08-20T21:36:38
RRKABEL.NS,India,4.09,0.73,"earnings, product/contract",R R Kabel Ltd (BOM:543981) Q1 2027 Earnings Call Highlights: Record Revenue and Profit Surge ...,16,1.414,Stayer (persistent),4/5 prior quarters same sign as current,"Consistent with PEAD continuation, moderate confidence (Day 16, later window, SUE=1.41, persistent SUE history)",,2026-08-19,2026-08-20T21:36:38
NAM-INDIA.NS,India,3.96,4.04,"earnings, M&A, regulatory/legal",Nippon Life India Asset Management Ltd (BOM:540767) Q1 2027 Earnings Call Highlights: Record ...,20,0.597,Stayer (persistent),4/5 prior quarters same sign as current,"Consistent with PEAD continuation, moderate confidence (Day 20, later window, SUE=0.60, persistent SUE history)",,2026-08-19,2026-08-20T21:36:38
ELGIEQUIP.NS,India,3.84,1.18,earnings,Elgi Equipments Ltd (BOM:522074) (Q1 2027) Earnings Call Highlights: 23% Revenue Surge and ...,4,0.286,Stayer (persistent),4/5 prior quarters same sign as current,"Consistent with PEAD continuation, high confidence (Day 4, immediate window, SUE=0.29, persistent SUE history)",,2026-08-19,2026-08-20T21:36:38
RAILTEL.NS,India,3.64,0.57,earnings,RailTel Corporation of India Ltd (BOM:543265) (Q1 2027) Earnings Call Highlights: Record Q4 ...,850,,Insufficient history,Fewer than 2 prior quarters with usable SUE data,Outside typical PEAD window (Day 850),,2026-08-19,2026-08-20T21:36:38
FSL.NS,India,3.49,0.48,earnings,Firstsource Solutions Ltd (BOM:532809) (Q1 2027) Earnings Call Highlights: Ninth Straight ...,9,-0.355,Stayer (persistent),4/5 prior quarters same sign as current,"Contradicts SUE sign (Day 9, later window, SUE=-0.36) - likely fresh catalyst",,2026-08-19,2026-08-20T21:36:38
WELCORP.NS,India,2.96,1.19,"earnings, macro/sector",Welspun Corp Ltd (BOM:532144) Q1 2027 Earnings Call Highlights: Record EBITDA and Robust Order Book,19,3.747,Stayer (persistent),4/5 prior quarters same sign as current,"Consistent with PEAD continuation, moderate confidence (Day 19, later window, SUE=3.75, persistent SUE history)",,2026-08-19,2026-08-20T21:36:38
HOOD,US,13.7,3.11,macro/sector,"Stocks trade higher, lifted by crypto, commodities: AlphaCheck",16.0,1.208,Stayer (persistent),5/5 prior quarters same sign as current,"Consistent with PEAD continuation, moderate confidence (Day 16, later window, SUE=1.21, persistent SUE history)",,2026-08-21,2026-08-21T21:32:42
MRNA,US,8.86,2.3,unclassified - check headlines manually,"Amid the chip bear market, healthcare is breaking out: Chart of the Day",14.0,0.047,Stayer (persistent),5/5 prior quarters same sign as current,"In drift window (Day 14) - SUE near zero, ambiguous signal",,2026-08-21,2026-08-21T21:32:42
COIN,US,8.2,2.52,unclassified - check headlines manually,Should investors be cautious or bullish on bitcoin's latest surge?,15.0,-0.584,Stayer (persistent),3/5 prior quarters same sign as current,"Contradicts SUE sign (Day 15, later window, SUE=-0.58) - likely fresh catalyst",,2026-08-21,2026-08-21T21:32:42
FCX,US,7.64,2.46,unclassified - check headlines manually,"Stocks trade higher, lifted by crypto, commodities: AlphaCheck",20.0,2.191,Stayer (persistent),5/5 prior quarters same sign as current,"Consistent with PEAD continuation, moderate confidence (Day 20, later window, SUE=2.19, persistent SUE history)",,2026-08-21,2026-08-21T21:32:42
ALB,US,6.75,1.74,earnings,Will Albemarle's Cash Strength Support Higher Shareholder Returns?,11.0,0.516,Stayer (persistent),4/5 prior quarters same sign as current,"Consistent with PEAD continuation, moderate confidence (Day 11, later window, SUE=0.52, persistent SUE history)",,2026-08-21,2026-08-21T21:32:42
EL,US,6.02,1.32,earnings,"Should You Buy, Sell or Hold Estee Lauder Stock Post Q4 Earnings?",1.0,0.334,Stayer (persistent),4/5 prior quarters same sign as current,"Consistent with PEAD continuation, high confidence (Day 1, immediate window, SUE=0.33, persistent SUE history)",,2026-08-21,2026-08-21T21:32:42
HCA,US,5.64,1.8,earnings,Do Wall Street Analysts Like HCA Healthcare Stock?,19.0,0.2,Stayer (persistent),5/5 prior quarters same sign as current,"Consistent with PEAD continuation, moderate confidence (Day 19, later window, SUE=0.20, persistent SUE history)",,2026-08-21,2026-08-21T21:32:42
TSLA,US,5.14,1.87,upgrade/downgrade,"Stock Market Today, Aug. 21: Tesla Gains on Nevada Robotaxi Permit Approval",21.0,-1.884,Mover (inconsistent),2/5 prior quarters same sign as current,"Contradicts SUE sign (Day 21, later window, SUE=-1.88) - likely fresh catalyst",,2026-08-21,2026-08-21T21:32:42
LULU,US,4.65,1.17,earnings,Lululemon Is Down 49% From Its All-Time High. Should You Buy Before Sept. 3?,55.0,0.087,Stayer (persistent),5/5 prior quarters same sign as current,"In drift window (Day 55) - SUE near zero, ambiguous signal",,2026-08-21,2026-08-21T21:32:42
CMG,US,4.56,1.23,"regulatory/legal, macro/sector",Chipotle and Yum! Look Like Bargains After Food-Safety Selloff,16.0,0.876,Mover (inconsistent),2/5 prior quarters same sign as current,"Directionally consistent but LOW confidence (Day 16, later window, SUE=0.88) - this stock's SUE history is inconsistent (mover, not stayer) -- per Kettell et al. 2022, movers show ~no significant drift",,2026-08-21,2026-08-21T21:32:42
BALRAMCHIN.NS,India,17.87,4.39,earnings,Balrampur Chini Mills Ltd (BOM:500038) (Q1 2027) Earnings Call Highlights: Sugar Price Surge ...,6.0,-0.213,Mover (inconsistent),2/5 prior quarters same sign as current,"Contradicts SUE sign (Day 6, immediate window, SUE=-0.21) - likely fresh catalyst",,2026-08-20,2026-08-21T21:32:42
NETWEB.NS,India,7.0,2.15,earnings,Netweb Technologies India Ltd (NSE:NETWEB) (Q1 2027) Earnings Call Highlights: Record Revenue ...,16.0,1.696,Stayer (persistent),4/5 prior quarters same sign as current,"Consistent with PEAD continuation, moderate confidence (Day 16, later window, SUE=1.70, persistent SUE history)",,2026-08-20,2026-08-21T21:32:42
MMTC.NS,India,6.63,0.7,unclassified - check headlines manually,(no headline found),,,,,No recent earnings on record,,2026-08-20,2026-08-21T21:32:42
BRIGADE.NS,India,6.47,1.84,earnings,Brigade Enterprises Ltd (BOM:532929) (Q1 2027) Earnings Call Highlights: Strong EBITDA Growth ...,6.0,-0.41,Stayer (persistent),5/5 prior quarters same sign as current,"Contradicts SUE sign (Day 6, immediate window, SUE=-0.41) - likely fresh catalyst",,2026-08-20,2026-08-21T21:32:42
COHANCE.NS,India,6.42,0.97,earnings,Cohance Lifesciences Ltd (BOM:543064) (Q1 2027) Earnings Call Highlights: Navigating a ...,11.0,-0.738,Stayer (persistent),3/5 prior quarters same sign as current,"Contradicts SUE sign (Day 11, later window, SUE=-0.74) - likely fresh catalyst",,2026-08-20,2026-08-21T21:32:42
MEESHO.NS,India,6.42,1.13,"earnings, M&A",India’s Meesho to acquire B2B commerce platform Kirana Club,20.0,0.091,Mixed,1/2 prior quarters same sign as current,"In drift window (Day 20) - SUE near zero, ambiguous signal",,2026-08-20,2026-08-21T21:32:42
HBLENGINE.NS,India,6.11,0.85,unclassified - check headlines manually,(no headline found),2147.0,-0.392,Stayer (persistent),3/5 prior quarters same sign as current,Outside typical PEAD window (Day 2147),,2026-08-20,2026-08-21T21:32:42
ZEEL.NS,India,5.68,0.57,"earnings, regulatory/legal",Zee Entertainment Enterprises Ltd (BOM:505537) (Q1 2027) Earnings Call Highlights: ZEE5 Surges ...,7.0,-0.616,Stayer (persistent),4/5 prior quarters same sign as current,"Contradicts SUE sign (Day 7, later window, SUE=-0.62) - likely fresh catalyst",,2026-08-20,2026-08-21T21:32:42
ELECON.NS,India,5.33,1.18,earnings,Elecon Engineering Co Ltd (BOM:505700) Q1 2027 Earnings Call Highlights: Strong International ...,670.0,0.127,Mover (inconsistent),2/5 prior quarters same sign as current,Outside typical PEAD window (Day 670),,2026-08-20,2026-08-21T21:32:42
MCX.NS,India,5.15,1.01,"earnings, regulatory/legal",Multi Commodity Exchange of India Ltd (BOM:534091) (Q1 2027) Earnings Call Highlights: Record ...,11.0,-0.225,Stayer (persistent),4/5 prior quarters same sign as current,"Contradicts SUE sign (Day 11, later window, SUE=-0.22) - likely fresh catalyst",,2026-08-20,2026-08-21T21:32:42
EXPE,US,5.44,1.17,"macro/sector, product/contract","Update: US Equity Indexes Mixed as Chipmakers Push Technology Lower, Bessent Unveils Plans to Choke Iran's Economy",13,1.04,Stayer (persistent),5/5 prior quarters same sign as current,"Consistent with PEAD continuation, moderate confidence (Day 13, later window, SUE=1.04, persistent SUE history)",,2026-08-24,2026-08-24T21:38:10
DLTR,US,4.01,1.25,earnings,Tombras Wins Dollar Tree's Creative AOR,62,1.252,Stayer (persistent),5/5 prior quarters same sign as current,"Consistent with PEAD continuation, moderate confidence (Day 62, later window, SUE=1.25, persistent SUE history)",,2026-08-24,2026-08-24T21:38:10
CHD,US,3.78,1.16,unclassified - check headlines manually,How GOJO Could Shape Clorox's Fiscal 2027 Growth and Margin Outlook,16,-0.257,Mover (inconsistent),0/5 prior quarters same sign as current,"Contradicts SUE sign (Day 16, later window, SUE=-0.26) - likely fresh catalyst",,2026-08-24,2026-08-24T21:38:10
MO,US,3.6,1.01,earnings,Coca-Cola Just Won a Key Consumer Battle,17,-0.67,Mover (inconsistent),1/5 prior quarters same sign as current,"Contradicts SUE sign (Day 17, later window, SUE=-0.67) - likely fresh catalyst",,2026-08-24,2026-08-24T21:38:10
GDDY,US,3.55,0.74,"earnings, regulatory/legal",Stock Market Today: Dow Up As Trump Says This On Canada; Nvidia Shares Skid Despite AI Move (Live Coverage),17,0.099,Stayer (persistent),5/5 prior quarters same sign as current,"In drift window (Day 17) - SUE near zero, ambiguous signal",,2026-08-24,2026-08-24T21:38:10
IT,US,3.51,0.94,unclassified - check headlines manually,3 Stocks to Consider From the Prospering Consulting Services Industry,14,1.512,Stayer (persistent),5/5 prior quarters same sign as current,"Consistent with PEAD continuation, moderate confidence (Day 14, later window, SUE=1.51, persistent SUE history)",,2026-08-24,2026-08-24T21:38:10
CVNA,US,3.46,1.01,"earnings, regulatory/legal, macro/sector",1 Profitable Stock to Own for Decades and 2 We Turn Down,18,0.126,Stayer (persistent),4/5 prior quarters same sign as current,"Consistent with PEAD continuation, moderate confidence (Day 18, later window, SUE=0.13, persistent SUE history)",,2026-08-24,2026-08-24T21:38:10
BXP,US,3.43,1.32,earnings,Is Wall Street Bullish or Bearish on BXP Stock?,19,0.203,Stayer (persistent),4/5 prior quarters same sign as current,"Consistent with PEAD continuation, moderate confidence (Day 19, later window, SUE=0.20, persistent SUE history)",,2026-08-24,2026-08-24T21:38:10
AWK,US,3.34,1.06,"earnings, upgrade/downgrade","American Water Works Company (AWK), What Is Behind The Fresh Attention?",18,1.003,Mover (inconsistent),1/5 prior quarters same sign as current,"Directionally consistent but LOW confidence (Day 18, later window, SUE=1.00) - this stock's SUE history is inconsistent (mover, not stayer) -- per Kettell et al. 2022, movers show ~no significant drift",,2026-08-24,2026-08-24T21:38:10
EIX,US,3.32,0.54,upgrade/downgrade,What Are Wall Street Analysts' Target Price for Edison International Stock?,17,2.703,Stayer (persistent),5/5 prior quarters same sign as current,"Consistent with PEAD continuation, moderate confidence (Day 17, later window, SUE=2.70, persistent SUE history)",,2026-08-24,2026-08-24T21:38:10
WELCORP.NS,India,15.3,2.18,"earnings, macro/sector",India's Welspun Corp wins record $1.8 billion pipe supply order; shares jump,21,3.747,Stayer (persistent),4/5 prior quarters same sign as current,"Consistent with PEAD continuation, moderate confidence (Day 21, later window, SUE=3.75, persistent SUE history)",,2026-08-21,2026-08-24T21:38:10
URBANCO.NS,India,9.01,4.18,"regulatory/legal, product/contract",India’s Urban Company IPO fully subscribed within hours of launch,16,-0.301,Stayer (persistent),2/3 prior quarters same sign as current,"Contradicts SUE sign (Day 16, later window, SUE=-0.30) - likely fresh catalyst",,2026-08-21,2026-08-24T21:38:10
JINDALSAW.NS,India,8.12,0.71,"earnings, regulatory/legal",Jindal Saw Ltd (BOM:500378) Q1 2027 Earnings Call Highlights: Navigating Challenges with ...,29,-0.832,Stayer (persistent),3/5 prior quarters same sign as current,"Contradicts SUE sign (Day 29, later window, SUE=-0.83) - likely fresh catalyst",,2026-08-21,2026-08-24T21:38:10
JBMA.NS,India,8.12,0.41,unclassified - check headlines manually,(no headline found),1247,0.514,Stayer (persistent),4/5 prior quarters same sign as current,Outside typical PEAD window (Day 1247),,2026-08-21,2026-08-24T21:38:10
NCC.NS,India,6.78,1.44,earnings,NCC Ltd (BOM:500294) (Q1 FY27) Earnings Call Highlights: Record Q1 Revenue and Robust Order ...,12,0.119,Mover (inconsistent),1/5 prior quarters same sign as current,"Directionally consistent but LOW confidence (Day 12, later window, SUE=0.12) - this stock's SUE history is inconsistent (mover, not stayer) -- per Kettell et al. 2022, movers show ~no significant drift",,2026-08-21,2026-08-24T21:38:10
IIFL.NS,India,6.77,1.6,"earnings, product/contract",IIFL Finance Ltd (BOM:532636) Q1 2027 Earnings Call Highlights: Strong Profitability Amidst ...,1783,-0.267,Mover (inconsistent),2/5 prior quarters same sign as current,Outside typical PEAD window (Day 1783),,2026-08-21,2026-08-24T21:38:10
CARTRADE.NS,India,6.14,1.05,earnings,CarTrade Tech Ltd (BOM:543333) (Q1 FY2027) Earnings Call Highlights: Record Revenue and ...,18,0.008,Stayer (persistent),4/5 prior quarters same sign as current,"In drift window (Day 18) - SUE near zero, ambiguous signal",,2026-08-21,2026-08-24T21:38:10
AEGISLOG.NS,India,6.11,0.92,earnings,Aegis Logistics Ltd (BOM:500003) (Q1 2027) Earnings Call Highlights: Record PAT Surges 212% on ...,12,2.219,Stayer (persistent),4/5 prior quarters same sign as current,"Consistent with PEAD continuation, moderate confidence (Day 12, later window, SUE=2.22, persistent SUE history)",,2026-08-21,2026-08-24T21:38:10
RPOWER.NS,India,5.87,1.08,regulatory/legal,Indian financial crimes agency freezes Anil Ambani Group properties worth $63 million,1881,-4.666,Stayer (persistent),3/5 prior quarters same sign as current,Outside typical PEAD window (Day 1881),,2026-08-21,2026-08-24T21:38:10
PTCIL.NS,India,5.13,1.43,unclassified - check headlines manually,(no headline found),6,-0.093,Stayer (persistent),2/3 prior quarters same sign as current,"In drift window (Day 6) - SUE near zero, ambiguous signal",,2026-08-21,2026-08-24T21:38:10
MRNA,US,14.36,0.99,macro/sector,"US Equity Markets Higher as Crude Oil Prices, Bond Yields Drop After US Treasury Threatens Economic Sanctions on Iran",17,0.046,Stayer (persistent),5/5 prior quarters same sign as current,"In drift window (Day 17) - SUE near zero, ambiguous signal",,2026-08-25,2026-08-25T21:37:30
SMCI,US,9.35,0.69,unclassified - check headlines manually,Why Super Micro Computer Rallied Today,9,4.514,Stayer (persistent),3/5 prior quarters same sign as current,"Consistent with PEAD continuation, moderate confidence (Day 9, later window, SUE=4.51, persistent SUE history)",,2026-08-25,2026-08-25T21:37:30
HOOD,US,8.17,1.15,"earnings, macro/sector","Bitcoin and ethereum prices today, Tuesday, August 25, 2026: Highest opening for bitcoin in over three months",19,1.118,Stayer (persistent),4/5 prior quarters same sign as current,"Consistent with PEAD continuation, moderate confidence (Day 19, later window, SUE=1.12, persistent SUE history)",,2026-08-25,2026-08-25T21:37:30
CDW,US,7.23,1.08,earnings,Q2 Earnings Outperformers: CDW (NASDAQ:CDW) And The Rest Of The IT Distribution & Solutions Stocks,14,0.809,Stayer (persistent),4/5 prior quarters same sign as current,"Consistent with PEAD continuation, moderate confidence (Day 14, later window, SUE=0.81, persistent SUE history)",,2026-08-25,2026-08-25T21:37:30
LITE,US,6.67,0.6,unclassified - check headlines manually,Wall Street Just Invented the ‘Neocloud’ ETF. It Owns the Companies Renting AI Compute to Everyone Else,9,2.876,Stayer (persistent),5/5 prior quarters same sign as current,"Consistent with PEAD continuation, moderate confidence (Day 9, later window, SUE=2.88, persistent SUE history)",,2026-08-25,2026-08-25T21:37:30
RDDT,US,6.39,0.4,unclassified - check headlines manually,"Reddit (RDDT) Stock Is Up, What You Need To Know",18,2.236,Stayer (persistent),5/5 prior quarters same sign as current,"Consistent with PEAD continuation, moderate confidence (Day 18, later window, SUE=2.24, persistent SUE history)",,2026-08-25,2026-08-25T21:37:30
IBKR,US,5.52,1.46,"earnings, macro/sector","Dow Jones Futures: Stocks Rise Cautiously Into Fed Inflation Data, Nvidia Earnings; Robinhood In Buy Area",24,2.137,Stayer (persistent),3/5 prior quarters same sign as current,"Consistent with PEAD continuation, moderate confidence (Day 24, later window, SUE=2.14, persistent SUE history)",,2026-08-25,2026-08-25T21:37:30
CDNS,US,5.06,1.45,earnings,ARM's 93X Earnings Multiple Overshadows Its Growth Potential,20,1.158,Stayer (persistent),5/5 prior quarters same sign as current,"Consistent with PEAD continuation, moderate confidence (Day 20, later window, SUE=1.16, persistent SUE history)",,2026-08-25,2026-08-25T21:37:30
AMD,US,4.91,0.99,upgrade/downgrade,Why Nvidia rival AMD may see a 40% rip in its stock,14,0.788,Stayer (persistent),4/5 prior quarters same sign as current,"Consistent with PEAD continuation, moderate confidence (Day 14, later window, SUE=0.79, persistent SUE history)",,2026-08-25,2026-08-25T21:37:30
MRVL,US,4.84,0.81,"earnings, upgrade/downgrade, macro/sector",Investors rotate into tech stocks as inflation concerns ease: AlphaCheck,64,0.732,Stayer (persistent),4/5 prior quarters same sign as current,"Consistent with PEAD continuation, moderate confidence (Day 64, later window, SUE=0.73, persistent SUE history)",,2026-08-25,2026-08-25T21:37:30
VMM.NS,India,9.74,0.87,earnings,Vishal Mega Mart Ltd (NSE:VMM) Q1 2027 Earnings Call Highlights: Strong Revenue Growth and ...,23,-0.089,Mover (inconsistent),2/5 prior quarters same sign as current,"In drift window (Day 23) - SUE near zero, ambiguous signal",,2026-08-24,2026-08-25T21:37:30
LTFOODS.NS,India,7.34,0.51,"earnings, product/contract",LT Foods Ltd (BOM:532783) (Q1 2027) Earnings Call Highlights: Revenue Surges 26% on Robust ...,1517,-0.834,Mover (inconsistent),2/5 prior quarters same sign as current,Outside typical PEAD window (Day 1517),,2026-08-24,2026-08-25T21:37:30
IDBI.NS,India,6.92,1.81,"earnings, M&A, regulatory/legal",Fairfax may get time to align bank stakes for IDBI bid – report,3478,-0.991,Mover (inconsistent),1/5 prior quarters same sign as current,Outside typical PEAD window (Day 3478),,2026-08-24,2026-08-25T21:37:30
URBANCO.NS,India,6.46,0.69,"regulatory/legal, product/contract",India’s Urban Company IPO fully subscribed within hours of launch,17,-0.301,Stayer (persistent),2/3 prior quarters same sign as current,"Contradicts SUE sign (Day 17, later window, SUE=-0.30) - likely fresh catalyst",,2026-08-24,2026-08-25T21:37:30
MUTHOOTFIN.NS,India,6.19,0.67,earnings,Muthoot Finance Ltd (BOM:533398) (Q1 2027) Earnings Call Highlights: AUM Surges 43% to ...,16,-1.99,Mover (inconsistent),1/5 prior quarters same sign as current,"Contradicts SUE sign (Day 16, later window, SUE=-1.99) - likely fresh catalyst",,2026-08-24,2026-08-25T21:37:30
HEXT.NS,India,5.64,0.49,"earnings, product/contract",Starmer unveils £1 billion French and Indian investments at G7,19,-0.971,Mixed,2/4 prior quarters same sign as current,"Contradicts SUE sign (Day 19, later window, SUE=-0.97) - likely fresh catalyst",,2026-08-24,2026-08-25T21:37:30
PTCIL.NS,India,5.06,0.43,unclassified - check headlines manually,(no headline found),7,-0.093,Stayer (persistent),2/3 prior quarters same sign as current,"In drift window (Day 7) - SUE near zero, ambiguous signal",,2026-08-24,2026-08-25T21:37:30
SIEMENS.NS,India,4.95,1.57,earnings,Siemens Ltd (BOM:500550) Q4 2026 Earnings Call Highlights: Strong Order Growth Amid ...,9,-0.293,Stayer (persistent),4/5 prior quarters same sign as current,"Contradicts SUE sign (Day 9, later window, SUE=-0.29) - likely fresh catalyst",,2026-08-24,2026-08-25T21:37:30
CGCL.NS,India,4.59,3.2,earnings,Capri Global Capital Ltd (BOM:531595) Q1 2027 Earnings Call Highlights: Record Profit Growth ...,1582,2.253,Stayer (persistent),4/5 prior quarters same sign as current,Outside typical PEAD window (Day 1582),,2026-08-24,2026-08-25T21:37:30
HFCL.NS,India,4.57,0.8,earnings,HFCL Ltd (BOM:500183) Q1 2027 Earnings Call Highlights: Record Revenue and Ambitious Growth ...,1964,0.151,Mover (inconsistent),2/5 prior quarters same sign as current,Outside typical PEAD window (Day 1964),,2026-08-24,2026-08-25T21:37:30
LITE,US,6.04,1.0,unclassified - check headlines manually,"Energy, Industrials, and Utilities Are Leading the Stock Market",11,2.876,Stayer (persistent),5/5 prior quarters same sign as current,"Consistent with PEAD continuation, moderate confidence (Day 11, later window, SUE=2.88, persistent SUE history)",,2026-08-26,2026-08-27T00:39:22
ANET,US,5.92,1.25,earnings,Decoding ANET Stock's Premium Valuation,16,4.21,Stayer (persistent),5/5 prior quarters same sign as current,"Consistent with PEAD continuation, moderate confidence (Day 16, later window, SUE=4.21, persistent SUE history)",,2026-08-26,2026-08-27T00:39:22
CHRW,US,5.62,1.6,unclassified - check headlines manually,One man paints challenging outlook for brokers’ insurance,20,0.375,Stayer (persistent),5/5 prior quarters same sign as current,"Consistent with PEAD continuation, moderate confidence (Day 20, later window, SUE=0.37, persistent SUE history)",,2026-08-26,2026-08-27T00:39:22
WMB,US,4.68,1.36,unclassified - check headlines manually,"3 Dividend Stocks to Buy and Hold for the Next Decade, Starting With Chevron",16,0.0,Mover (inconsistent),0/5 prior quarters same sign as current,"In drift window (Day 16) - SUE near zero, ambiguous signal",,2026-08-26,2026-08-27T00:39:22
FFIV,US,4.4,1.16,"earnings, upgrade/downgrade",F5 (FFIV) Down 5.1% Since Last Earnings Report: Can It Rebound?,21,3.465,Stayer (persistent),5/5 prior quarters same sign as current,"Consistent with PEAD continuation, moderate confidence (Day 21, later window, SUE=3.47, persistent SUE history)",,2026-08-26,2026-08-27T00:39:22
SJM,US,4.34,2.47,"earnings, macro/sector",J.M. Smucker's Adjusted EPS Jumped 71%. Take Out the Tariff Refund and Here's What the Quarter Actually Looked Like.,0,4.609,Stayer (persistent),3/5 prior quarters same sign as current,Day 0 earnings reaction (not drift yet),,2026-08-26,2026-08-27T00:39:22
CIEN,US,4.22,0.58,earnings,Ooma (OOMA) Q2 Earnings and Revenues Top Estimates,59,1.317,Stayer (persistent),4/5 prior quarters same sign as current,"Consistent with PEAD continuation, moderate confidence (Day 59, later window, SUE=1.32, persistent SUE history)",,2026-08-26,2026-08-27T00:39:22
WDC,US,4.02,0.68,macro/sector,US Equity Markets End Lower as Bond Yields Rise After July's Inflation Rate Accelerates,15,1.297,Stayer (persistent),5/5 prior quarters same sign as current,"Consistent with PEAD continuation, moderate confidence (Day 15, later window, SUE=1.30, persistent SUE history)",,2026-08-26,2026-08-27T00:39:22
GLW,US,3.82,0.64,product/contract,1 High-Flying Stock to Own for Decades and 2 Facing Challenges,21,1.57,Stayer (persistent),5/5 prior quarters same sign as current,"Consistent with PEAD continuation, moderate confidence (Day 21, later window, SUE=1.57, persistent SUE history)",,2026-08-26,2026-08-27T00:39:22
KMI,US,3.49,1.28,"earnings, product/contract",2 Profitable Stocks with Solid Fundamentals and 1 We Turn Down,25,0.805,Mover (inconsistent),2/5 prior quarters same sign as current,"Directionally consistent but LOW confidence (Day 25, later window, SUE=0.80) - this stock's SUE history is inconsistent (mover, not stayer) -- per Kettell et al. 2022, movers show ~no significant drift",,2026-08-26,2026-08-27T00:39:22
SBFC.NS,India,9.02,12.94,earnings,SBFC Finance Ltd (BOM:543959) Q1 2027 Earnings Call Highlights: Strong AUM Growth and ...,153,1.437,Mover (inconsistent),2/5 prior quarters same sign as current,Outside typical PEAD window (Day 153),,2026-08-26,2026-08-27T00:39:22
JINDALSAW.NS,India,7.35,4.71,"earnings, regulatory/legal",Jindal Saw Ltd (BOM:500378) Q1 2027 Earnings Call Highlights: Navigating Challenges with ...,31,-0.832,Stayer (persistent),3/5 prior quarters same sign as current,"Contradicts SUE sign (Day 31, later window, SUE=-0.83) - likely fresh catalyst",,2026-08-26,2026-08-27T00:39:22
IDBI.NS,India,7.29,4.77,"earnings, M&A, regulatory/legal",Fairfax may get time to align bank stakes for IDBI bid – report,3479,-0.991,Mover (inconsistent),1/5 prior quarters same sign as current,Outside typical PEAD window (Day 3479),,2026-08-26,2026-08-27T00:39:22
CYIENT.NS,India,7.01,8.84,"earnings, M&A, product/contract",Cyient Ltd (BOM:532175) Q1 2027 Earnings Call Highlights: Strong Semiconductor Growth Amidst ...,24,-1.732,Stayer (persistent),3/5 prior quarters same sign as current,"Contradicts SUE sign (Day 24, later window, SUE=-1.73) - likely fresh catalyst",,2026-08-26,2026-08-27T00:39:22
CGCL.NS,India,6.96,6.44,earnings,Capri Global Capital Ltd (BOM:531595) Q1 2027 Earnings Call Highlights: Record Profit Growth ...,1584,2.253,Stayer (persistent),4/5 prior quarters same sign as current,Outside typical PEAD window (Day 1584),,2026-08-26,2026-08-27T00:39:22
HINDZINC.NS,India,5.72,2.9,earnings,Hindustan Zinc Ltd (BOM:500188) Q3 2026 Earnings Call Highlights: Record Revenue and Profit ...,24,2.72,Stayer (persistent),5/5 prior quarters same sign as current,"Consistent with PEAD continuation, moderate confidence (Day 24, later window, SUE=2.72, persistent SUE history)",,2026-08-26,2026-08-27T00:39:22
SAIL.NS,India,5.59,1.86,earnings,Steel Authority Of India Ltd (BOM:500113) (Q1 2027) Earnings Call Highlights: EBITDA Surges ...,24,0.4,Stayer (persistent),3/5 prior quarters same sign as current,"Consistent with PEAD continuation, moderate confidence (Day 24, later window, SUE=0.40, persistent SUE history)",,2026-08-26,2026-08-27T00:39:22
DATAPATTNS.NS,India,5.22,1.58,earnings,Data Patterns (India) Ltd (BOM:543428) (Q1 2027) Earnings Call Highlights: Robust Order Book ...,19,-1.251,Mover (inconsistent),2/5 prior quarters same sign as current,"Contradicts SUE sign (Day 19, later window, SUE=-1.25) - likely fresh catalyst",,2026-08-26,2026-08-27T00:39:22
ANGELONE.NS,India,5.21,1.89,"earnings, regulatory/legal",Angel One Ltd (BOM:543235) Q1 2027 Earnings Call Highlights: Strong Revenue Growth and ...,30,1.611,Stayer (persistent),3/4 prior quarters same sign as current,"Consistent with PEAD continuation, moderate confidence (Day 30, later window, SUE=1.61, persistent SUE history)",,2026-08-25,2026-08-27T00:39:22
OLAELEC.NS,India,4.97,3.7,"earnings, product/contract",Ola Electric Mobility Ltd (NSE:OLAELEC) (Q1 2027) Earnings Call Highlights: Deliveries Nearly ...,14,0.41,Mover (inconsistent),1/5 prior quarters same sign as current,"Directionally consistent but LOW confidence (Day 14, later window, SUE=0.41) - this stock's SUE history is inconsistent (mover, not stayer) -- per Kettell et al. 2022, movers show ~no significant drift",,2026-08-26,2026-08-27T00:39:22
CRM,US,22.58,4.51,"earnings, regulatory/legal, macro/sector",Tech investors are looking at AI with 'more nuance' as it fuels software demand,1.0,4.791,Stayer (persistent),5/5 prior quarters same sign as current,"Consistent with PEAD continuation, high confidence (Day 1, immediate window, SUE=4.79, persistent SUE history)",,2026-08-27,2026-08-28T05:12:13
CRWD,US,20.5,2.73,"regulatory/legal, macro/sector",Tech investors are looking at AI with 'more nuance' as it fuels software demand,1.0,1.563,Stayer (persistent),3/5 prior quarters same sign as current,"Consistent with PEAD continuation, high confidence (Day 1, immediate window, SUE=1.56, persistent SUE history)",,2026-08-27,2026-08-28T05:12:13
VEEV,US,15.2,4.51,"earnings, upgrade/downgrade",Why Veeva Systems (VEEV) Stock Is Trading Up Today,1.0,2.86,Stayer (persistent),5/5 prior quarters same sign as current,"Consistent with PEAD continuation, high confidence (Day 1, immediate window, SUE=2.86, persistent SUE history)",,2026-08-27,2026-08-28T05:12:13
SNPS,US,13.39,2.47,earnings,Synopsys (SNPS) Is Up 16.8% After Raising FY26 Guidance Amid Mixed Profit Trends – Has The Bull Case Changed?,1.0,1.961,Stayer (persistent),4/5 prior quarters same sign as current,"Consistent with PEAD continuation, high confidence (Day 1, immediate window, SUE=1.96, persistent SUE history)",,2026-08-27,2026-08-28T05:12:13
PANW,US,12.83,1.48,earnings,"Palo Alto Networks (PANW) Stock Trades Up, Here Is Why",61.0,1.526,Stayer (persistent),5/5 prior quarters same sign as current,"Consistent with PEAD continuation, moderate confidence (Day 61, later window, SUE=1.53, persistent SUE history)",,2026-08-27,2026-08-28T05:12:13
NOW,US,10.04,1.8,"earnings, macro/sector","ServiceNow, Zscaler, SentinelOne, Asana, and Elastic Shares Skyrocket, What You Need To Know",26.0,1.335,Stayer (persistent),4/5 prior quarters same sign as current,"Consistent with PEAD continuation, moderate confidence (Day 26, later window, SUE=1.33, persistent SUE history)",,2026-08-27,2026-08-28T05:12:13
FTNT,US,9.67,1.85,"earnings, upgrade/downgrade, macro/sector","Dow Jones Futures Rise With Fed Chief Warsh Due; Nvidia, These 7 Stocks Are In Buy Zones",21.0,2.88,Stayer (persistent),5/5 prior quarters same sign as current,"Consistent with PEAD continuation, moderate confidence (Day 21, later window, SUE=2.88, persistent SUE history)",,2026-08-27,2026-08-28T05:12:13
NVDA,US,8.74,2.69,unclassified - check headlines manually,Just how big of a problem area is China for Nvidia?,1.0,3.749,Stayer (persistent),5/5 prior quarters same sign as current,"Consistent with PEAD continuation, high confidence (Day 1, immediate window, SUE=3.75, persistent SUE history)",,2026-08-27,2026-08-28T05:12:13
DDOG,US,6.7,1.27,"upgrade/downgrade, product/contract",Zscaler and SentinelOne Spike 10% as Cybersecurity Re-Rating Reaches the Laggards,15.0,2.463,Stayer (persistent),5/5 prior quarters same sign as current,"Consistent with PEAD continuation, moderate confidence (Day 15, later window, SUE=2.46, persistent SUE history)",,2026-08-27,2026-08-28T05:12:13
ADSK,US,6.21,2.48,earnings,"Gap, Workday, Autodesk stocks moving on Q2 earnings results",0.0,3.199,Stayer (persistent),5/5 prior quarters same sign as current,Day 0 earnings reaction (not drift yet),,2026-08-27,2026-08-28T05:12:13
TEJASNET.NS,India,9.28,34.29,earnings,Tejas Networks Ltd (BOM:540595) Q1 2027 Earnings Call Highlights: Strong Revenue Growth and ...,612.0,1.721,Mover (inconsistent),1/5 prior quarters same sign as current,Outside typical PEAD window (Day 612),Volume 34.3x average - verify (corporate action / thin base volume?),2026-08-28,2026-08-28T05:12:13
TTML.NS,India,7.32,29.29,unclassified - check headlines manually,(no headline found),,,,,No recent earnings on record,Volume 29.3x average - verify (corporate action / thin base volume?),2026-08-28,2026-08-28T05:12:13
ATHERENERG.NS,India,7.02,2.99,"earnings, product/contract",India's Hero MotoCorp to invest additional $184 million in Ather Energy,17.0,1.204,Mixed,1/2 prior quarters same sign as current,"Consistent with PEAD continuation, low confidence (Day 17, later window, SUE=1.20, mixed SUE history)",,2026-08-28,2026-08-28T05:12:13
CRISIL.NS,India,5.91,1.53,earnings,Emerald Finance Ltd (BOM:538882) Q4 2026 Earnings Call Highlights: Strong Income Growth and ...,26.0,0.397,Mover (inconsistent),1/5 prior quarters same sign as current,"Directionally consistent but LOW confidence (Day 26, later window, SUE=0.40) - this stock's SUE history is inconsistent (mover, not stayer) -- per Kettell et al. 2022, movers show ~no significant drift",,2026-08-28,2026-08-28T05:12:13
SHYAMMETL.NS,India,5.24,6.26,earnings,Shyam Metalics and Energy Ltd (BOM:543299) Q1 2027 Earnings Call Highlights: Strong Revenue ...,27.0,0.09,Mover (inconsistent),0/5 prior quarters same sign as current,"In drift window (Day 27) - SUE near zero, ambiguous signal",,2026-08-28,2026-08-28T05:12:13
CGCL.NS,India,4.7,1.94,earnings,Capri Global Capital Ltd (BOM:531595) Q1 2027 Earnings Call Highlights: Record Profit Growth ...,1584.0,2.253,Stayer (persistent),4/5 prior quarters same sign as current,Outside typical PEAD window (Day 1584),,2026-08-28,2026-08-28T05:12:13
IFCI.NS,India,4.66,0.89,unclassified - check headlines manually,(no headline found),2936.0,-2.19,Stayer (persistent),3/3 prior quarters same sign as current,Outside typical PEAD window (Day 2936),,2026-08-28,2026-08-28T05:12:13
LTM.NS,India,4.53,1.48,earnings,Latam Airlines (LTM) Stock Fair Value Falls As Analysts Weigh Sector Upside And Risks,34.0,0.579,Mover (inconsistent),2/5 prior quarters same sign as current,"Directionally consistent but LOW confidence (Day 34, later window, SUE=0.58) - this stock's SUE history is inconsistent (mover, not stayer) -- per Kettell et al. 2022, movers show ~no significant drift",,2026-08-28,2026-08-28T05:12:13
SAGILITY.NS,India,4.36,1.08,earnings,Sagility Ltd (NSE:SAGILITY) Q1 2027 Earnings Call Highlights: Strong Revenue Growth Amidst Wage ...,26.0,-1.14,Stayer (persistent),3/4 prior quarters same sign as current,"Contradicts SUE sign (Day 26, later window, SUE=-1.14) - likely fresh catalyst",,2026-08-28,2026-08-28T05:12:13
CRAFTSMAN.NS,India,4.23,0.59,earnings,Craftsman Automation Ltd (BOM:543276) (Q1 2027) Earnings Call Highlights: Aluminum and Heavy ...,21.0,1.975,Stayer (persistent),4/5 prior quarters same sign as current,"Consistent with PEAD continuation, moderate confidence (Day 21, later window, SUE=1.98, persistent SUE history)",,2026-08-28,2026-08-28T05:12:13
WDAY,US,5.76,2.06,unclassified - check headlines manually,Why Is Workday (WDAY) Stock Soaring Today,1.0,1.603,Stayer (persistent),5/5 prior quarters same sign as current,"Consistent with PEAD continuation, high confidence (Day 1, immediate window, SUE=1.60, persistent SUE history)",,2026-08-28,2026-08-29T03:09:12
DPZ,US,5.4,1.34,unclassified - check headlines manually,"Wendy’s Stock Has Plunged, but History Shows How It Could Come Back",28.0,-0.338,Stayer (persistent),3/5 prior quarters same sign as current,"Contradicts SUE sign (Day 28, later window, SUE=-0.34) - likely fresh catalyst",,2026-08-28,2026-08-29T03:09:12
LULU,US,5.05,1.29,earnings,6 things investors need to watch in the week ahead,61.0,0.014,Stayer (persistent),5/5 prior quarters same sign as current,"In drift window (Day 61) - SUE near zero, ambiguous signal",,2026-08-28,2026-08-29T03:09:12
NOW,US,4.54,1.71,"earnings, upgrade/downgrade, regulatory/legal",Is now the time to buy software stocks?,26.0,1.335,Stayer (persistent),4/5 prior quarters same sign as current,"Consistent with PEAD continuation, moderate confidence (Day 26, later window, SUE=1.33, persistent SUE history)",,2026-08-28,2026-08-29T03:09:12
SLB,US,4.22,1.95,unclassified - check headlines manually,SLB’s Venezuela Bet: Massive Opportunity or Risky Gamble?,25.0,1.225,Stayer (persistent),4/5 prior quarters same sign as current,"Consistent with PEAD continuation, moderate confidence (Day 25, later window, SUE=1.22, persistent SUE history)",,2026-08-28,2026-08-29T03:09:12
AMZN,US,3.97,1.54,earnings,Has Microsoft Stock Run Ahead Of Its AI Payoff?,21.0,4.602,Stayer (persistent),4/5 prior quarters same sign as current,"Consistent with PEAD continuation, moderate confidence (Day 21, later window, SUE=4.60, persistent SUE history)",,2026-08-28,2026-08-29T03:09:12
CHTR,US,3.57,0.5,"M&A, regulatory/legal, product/contract",AT&T Stock's Margin Hit A Multi-Year Best As Its Copper Network Winds Down,25.0,0.651,Mover (inconsistent),2/5 prior quarters same sign as current,"Directionally consistent but LOW confidence (Day 25, later window, SUE=0.65) - this stock's SUE history is inconsistent (mover, not stayer) -- per Kettell et al. 2022, movers show ~no significant drift",,2026-08-28,2026-08-29T03:09:12
BG,US,3.5,1.16,"earnings, upgrade/downgrade",2 Agriculture - Products Stocks to Buy in a Promising Industry,21.0,0.085,Stayer (persistent),5/5 prior quarters same sign as current,"In drift window (Day 21) - SUE near zero, ambiguous signal",,2026-08-28,2026-08-29T03:09:12
EXPE,US,3.3,0.71,unclassified - check headlines manually,1 Growth Stock with Explosive Upside and 2 We Question,16.0,1.04,Stayer (persistent),5/5 prior quarters same sign as current,"Consistent with PEAD continuation, moderate confidence (Day 16, later window, SUE=1.04, persistent SUE history)",,2026-08-28,2026-08-29T03:09:12
EBAY,US,3.28,0.99,regulatory/legal,Is The Slide In eBay Stock Actually Worth Buying?,16.0,3.674,Stayer (persistent),5/5 prior quarters same sign as current,"Consistent with PEAD continuation, moderate confidence (Day 16, later window, SUE=3.67, persistent SUE history)",,2026-08-28,2026-08-29T03:09:12
BBTC.NS,India,13.14,0.39,unclassified - check headlines manually,(no headline found),,,,,No recent earnings on record,,2026-08-27,2026-08-29T03:09:12
WHIRLPOOL.NS,India,9.0,1.13,"earnings, product/contract","Exclusive-Advent's $1 billion deal talks for Whirlpool India stake collapse, sources say",16.0,-0.683,Stayer (persistent),3/5 prior quarters same sign as current,"Contradicts SUE sign (Day 16, later window, SUE=-0.68) - likely fresh catalyst",,2026-08-27,2026-08-29T03:09:12
NSLNISP.NS,India,8.57,3.74,unclassified - check headlines manually,(no headline found),,,,,No recent earnings on record,,2026-08-27,2026-08-29T03:09:12
APARINDS.NS,India,4.91,0.78,earnings,Apar Industries Ltd (BOM:532259) Q1 2027 Earnings Call Highlights: Record Profits Amidst Market ...,25.0,4.018,Stayer (persistent),4/5 prior quarters same sign as current,"Consistent with PEAD continuation, moderate confidence (Day 25, later window, SUE=4.02, persistent SUE history)",,2026-08-27,2026-08-29T03:09:12
BHEL.NS,India,4.44,0.76,earnings,thyssenkrupp nucera AG & Co (THYKF) (Q3 2026) Earnings Call Highlights: Strategic Pivot to ...,31.0,0.307,Mover (inconsistent),2/5 prior quarters same sign as current,"Directionally consistent but LOW confidence (Day 31, later window, SUE=0.31) - this stock's SUE history is inconsistent (mover, not stayer) -- per Kettell et al. 2022, movers show ~no significant drift",,2026-08-27,2026-08-29T03:09:12
WELCORP.NS,India,4.3,0.29,"earnings, macro/sector",India's Welspun Corp wins record $1.8 billion pipe supply order; shares jump,25.0,3.747,Stayer (persistent),4/5 prior quarters same sign as current,"Consistent with PEAD continuation, moderate confidence (Day 25, later window, SUE=3.75, persistent SUE history)",,2026-08-27,2026-08-29T03:09:12
WOCKPHARMA.NS,India,4.25,3.37,unclassified - check headlines manually,(no headline found),3016.0,3.077,Mover (inconsistent),2/5 prior quarters same sign as current,Outside typical PEAD window (Day 3016),,2026-08-27,2026-08-29T03:09:12
HFCL.NS,India,4.22,0.97,earnings,HFCL Ltd (BOM:500183) Q1 2027 Earnings Call Highlights: Record Revenue and Ambitious Growth ...,1966.0,0.151,Mover (inconsistent),2/5 prior quarters same sign as current,Outside typical PEAD window (Day 1966),,2026-08-27,2026-08-29T03:09:12
CRISIL.NS,India,4.21,2.42,earnings,Emerald Finance Ltd (BOM:538882) Q4 2026 Earnings Call Highlights: Strong Income Growth and ...,27.0,0.397,Mover (inconsistent),1/5 prior quarters same sign as current,"Directionally consistent but LOW confidence (Day 27, later window, SUE=0.40) - this stock's SUE history is inconsistent (mover, not stayer) -- per Kettell et al. 2022, movers show ~no significant drift",,2026-08-27,2026-08-29T03:09:12
CGPOWER.NS,India,3.8,0.98,unclassified - check headlines manually,CG Semi starts commercial production at Sanand OSAT plant in India,25.0,-0.489,Stayer (persistent),3/5 prior quarters same sign as current,"Contradicts SUE sign (Day 25, later window, SUE=-0.49) - likely fresh catalyst",,2026-08-27,2026-08-29T03:09:12
CRWD,US,5.77,1.56,unclassified - check headlines manually,Review & Preview: See You in September,4.0,1.563,Stayer (persistent),3/5 prior quarters same sign as current,"Consistent with PEAD continuation, high confidence (Day 4, immediate window, SUE=1.56, persistent SUE history)",,2026-08-31,2026-09-01T00:33:22
TSLA,US,5.51,1.75,earnings,"Here comes the AI capex shocker, Goldman Sachs says",29.0,-1.884,Mover (inconsistent),2/5 prior quarters same sign as current,"Contradicts SUE sign (Day 29, later window, SUE=-1.88) - likely fresh catalyst",,2026-08-31,2026-09-01T00:33:22
SNDK,US,5.5,2.03,"earnings, product/contract","Dow Jones Futures: Trump's Iran Warning Sparks Stock Market Losses; Elon Musk-Led SpaceX, Tesla Rally",19.0,1.376,Stayer (persistent),5/5 prior quarters same sign as current,"Consistent with PEAD continuation, moderate confidence (Day 19, later window, SUE=1.38, persistent SUE history)",,2026-08-31,2026-09-01T00:33:22
COIN,US,5.31,0.84,unclassified - check headlines manually,Cathie Wood of ARK Invest Continues to Scoop up Bargain-Priced Crypto Stocks. Here Are 2 Stocks You Should Be Buying Now.,23.0,-0.589,Stayer (persistent),3/5 prior quarters same sign as current,"Contradicts SUE sign (Day 23, later window, SUE=-0.59) - likely fresh catalyst",,2026-08-31,2026-09-01T00:33:22
SLB,US,4.83,3.35,earnings,"SLB Stock Surged With Its Sector, But Its Fastest-Growing Line Was Not Drilling",27.0,1.225,Stayer (persistent),4/5 prior quarters same sign as current,"Consistent with PEAD continuation, moderate confidence (Day 27, later window, SUE=1.22, persistent SUE history)",,2026-08-31,2026-09-01T00:33:22
DE,US,3.9,1.22,upgrade/downgrade,Why Deere Stock Rallied Today,8.0,0.666,Stayer (persistent),5/5 prior quarters same sign as current,"Consistent with PEAD continuation, moderate confidence (Day 8, later window, SUE=0.67, persistent SUE history)",,2026-08-31,2026-09-01T00:33:22
QCOM,US,3.83,1.25,"earnings, product/contract",Marvell's Hyperscaler Deal Lands In A Fiscal Year Management Will Not Size Yet,24.0,-0.081,Mover (inconsistent),0/5 prior quarters same sign as current,"In drift window (Day 24) - SUE near zero, ambiguous signal",,2026-08-31,2026-09-01T00:33:22
ULTA,US,3.79,1.38,"earnings, product/contract","Ulta Beauty Climbs 4%, e.l.f. Beauty Rises 5% as Post-Earnings Selloff Reverses",3.0,0.527,Stayer (persistent),4/5 prior quarters same sign as current,"Consistent with PEAD continuation, high confidence (Day 3, immediate window, SUE=0.53, persistent SUE history)",,2026-08-31,2026-09-01T00:33:22
CF,US,3.37,1.34,earnings,CF Industries & Partners Break Ground on Low-Carbon Ammonia Plant,19.0,-1.797,Mover (inconsistent),1/5 prior quarters same sign as current,"Contradicts SUE sign (Day 19, later window, SUE=-1.80) - likely fresh catalyst",,2026-08-31,2026-09-01T00:33:22
FFIV,US,3.27,2.06,"earnings, product/contract",Why Is Tenable (TENB) Up 15.6% Since Last Earnings Report?,25.0,3.465,Stayer (persistent),5/5 prior quarters same sign as current,"Consistent with PEAD continuation, moderate confidence (Day 25, later window, SUE=3.47, persistent SUE history)",,2026-08-31,2026-09-01T00:33:22
NSLNISP.NS,India,8.96,0.83,unclassified - check headlines manually,(no headline found),,,,,No recent earnings on record,,2026-08-28,2026-09-01T00:33:22
NEWGEN.NS,India,8.43,1.42,earnings,Newgen Software Technologies Ltd (NSE:NEWGEN) Q1 2027 Earnings Call Highlights: Strong Revenue ...,33.0,1.114,Mover (inconsistent),2/5 prior quarters same sign as current,"Directionally consistent but LOW confidence (Day 33, later window, SUE=1.11) - this stock's SUE history is inconsistent (mover, not stayer) -- per Kettell et al. 2022, movers show ~no significant drift",,2026-08-28,2026-09-01T00:33:22
ATHERENERG.NS,India,8.09,5.46,"earnings, product/contract",India's Hero MotoCorp to invest additional $184 million in Ather Energy,20.0,1.204,Mixed,1/2 prior quarters same sign as current,"Consistent with PEAD continuation, low confidence (Day 20, later window, SUE=1.20, mixed SUE history)",,2026-08-28,2026-09-01T00:33:22
TEJASNET.NS,India,7.63,1.22,earnings,Tejas Networks Ltd (BOM:540595) Q1 2027 Earnings Call Highlights: Strong Revenue Growth and ...,615.0,1.721,Mover (inconsistent),1/5 prior quarters same sign as current,Outside typical PEAD window (Day 615),,2026-08-28,2026-09-01T00:33:22
PTCIL.NS,India,7.22,1.73,unclassified - check headlines manually,(no headline found),12.0,-0.093,Stayer (persistent),2/3 prior quarters same sign as current,"In drift window (Day 12) - SUE near zero, ambiguous signal",,2026-08-28,2026-09-01T00:33:22
IFCI.NS,India,6.75,0.98,unclassified - check headlines manually,(no headline found),2939.0,-2.19,Stayer (persistent),3/3 prior quarters same sign as current,Outside typical PEAD window (Day 2939),,2026-08-28,2026-09-01T00:33:22
TTML.NS,India,6.53,0.46,unclassified - check headlines manually,(no headline found),,,,,No recent earnings on record,,2026-08-28,2026-09-01T00:33:22
COFORGE.NS,India,5.93,0.89,"earnings, product/contract",Coforge Ltd (BOM:532541) Q1 2027 Earnings Call Highlights: Strong Revenue Growth and Strategic ...,25.0,-0.198,Mover (inconsistent),2/5 prior quarters same sign as current,"Contradicts SUE sign (Day 25, later window, SUE=-0.20) - likely fresh catalyst",,2026-08-28,2026-09-01T00:33:22
SHYAMMETL.NS,India,5.51,0.69,earnings,Shyam Metalics and Energy Ltd (BOM:543299) Q1 2027 Earnings Call Highlights: Strong Revenue ...,30.0,0.09,Mover (inconsistent),0/5 prior quarters same sign as current,"In drift window (Day 30) - SUE near zero, ambiguous signal",,2026-08-28,2026-09-01T00:33:22
CGCL.NS,India,5.38,0.34,earnings,Capri Global Capital Ltd (BOM:531595) Q1 2027 Earnings Call Highlights: Record Profit Growth ...,1587.0,2.253,Stayer (persistent),4/5 prior quarters same sign as current,Outside typical PEAD window (Day 1587),,2026-08-28,2026-09-01T00:33:22
MRNA,US,9.93,0.41,unclassified - check headlines manually,"Down More Than 30% From Its Peak, Is Now the Perfect Time to Buy Sandisk Stock?",22,0.046,Stayer (persistent),5/5 prior quarters same sign as current,"In drift window (Day 22) - SUE near zero, ambiguous signal",,2026-09-01,2026-09-01T23:14:44
EIX,US,8.93,4.21,unclassified - check headlines manually,"In Surprise Twist, California Lawmakers Fail to Pass Watered-Down Wildfire Bill",23,2.703,Stayer (persistent),5/5 prior quarters same sign as current,"Consistent with PEAD continuation, moderate confidence (Day 23, later window, SUE=2.70, persistent SUE history)",,2026-09-01,2026-09-01T23:14:44
PCG,US,5.95,2.93,unclassified - check headlines manually,"In Surprise Twist, California Lawmakers Fail to Pass Watered-Down Wildfire Bill",28,0.979,Mover (inconsistent),2/5 prior quarters same sign as current,"Directionally consistent but LOW confidence (Day 28, later window, SUE=0.98) - this stock's SUE history is inconsistent (mover, not stayer) -- per Kettell et al. 2022, movers show ~no significant drift",,2026-09-01,2026-09-01T23:14:44
HPQ,US,4.33,0.86,earnings,Dell Stock Could Halve Or Double Within Thirteen Months,4,1.894,Stayer (persistent),3/5 prior quarters same sign as current,"Consistent with PEAD continuation, high confidence (Day 4, immediate window, SUE=1.89, persistent SUE history)",,2026-09-01,2026-09-01T23:14:44
CF,US,4.28,1.51,earnings,CF Shares Up 15% in 3 Months: Here's What's Driving the Upside,19,-1.297,Mover (inconsistent),1/5 prior quarters same sign as current,"Contradicts SUE sign (Day 19, later window, SUE=-1.30) - likely fresh catalyst",,2026-09-01,2026-09-01T23:14:44
BG,US,4.16,0.97,unclassified - check headlines manually,"US Equity Markets End Lower as Oil, Bond Yields Rise After US Strikes on Iran",24,0.085,Stayer (persistent),5/5 prior quarters same sign as current,"In drift window (Day 24) - SUE near zero, ambiguous signal",,2026-09-01,2026-09-01T23:14:44
HWM,US,4.06,1.74,macro/sector,How SpaceX’s Speed and Ambition Are Threatening Legacy Defense and Telecom,18,2.484,Stayer (persistent),5/5 prior quarters same sign as current,"Consistent with PEAD continuation, moderate confidence (Day 18, later window, SUE=2.48, persistent SUE history)",,2026-09-01,2026-09-01T23:14:44
DLTR,US,4.04,0.72,earnings,Ollie's Bargain's Q2 Earnings on Deck: What Investors Should Know,3,4.555,Stayer (persistent),5/5 prior quarters same sign as current,"Consistent with PEAD continuation, high confidence (Day 3, immediate window, SUE=4.56, persistent SUE history)",,2026-09-01,2026-09-01T23:14:44
ADM,US,4.01,1.08,earnings,Archer-Daniels-Midland (ADM) Bets Big On Oilseed Crush Capacity,19,2.242,Stayer (persistent),5/5 prior quarters same sign as current,"Consistent with PEAD continuation, moderate confidence (Day 19, later window, SUE=2.24, persistent SUE history)",,2026-09-01,2026-09-01T23:14:44
CVS,US,3.93,1.32,M&A,Why CVS Stock Rallied Tuesday Morning,19,3.047,Stayer (persistent),5/5 prior quarters same sign as current,"Consistent with PEAD continuation, moderate confidence (Day 19, later window, SUE=3.05, persistent SUE history)",,2026-09-01,2026-09-01T23:14:44
ATHERENERG.NS,India,6.27,1.74,"earnings, product/contract",Ather Energy’s 130% Stock Surge Leaves Tesla and BYD Behind in 2026,20,1.204,Mixed,1/2 prior quarters same sign as current,"Consistent with PEAD continuation, low confidence (Day 20, later window, SUE=1.20, mixed SUE history)",,2026-08-31,2026-09-01T23:14:44
CYIENT.NS,India,6.08,0.54,"earnings, M&A, product/contract",Cyient Ltd (BOM:532175) Q1 2027 Earnings Call Highlights: Strong Semiconductor Growth Amidst ...,28,-1.732,Stayer (persistent),3/5 prior quarters same sign as current,"Contradicts SUE sign (Day 28, later window, SUE=-1.73) - likely fresh catalyst",,2026-08-31,2026-09-01T23:14:44
BALRAMCHIN.NS,India,5.9,0.42,earnings,3 Indian Stocks Trading Below DCF Value as Cash Flow Screens Turn Up Ideas,14,-0.213,Mover (inconsistent),2/5 prior quarters same sign as current,"Contradicts SUE sign (Day 14, later window, SUE=-0.21) - likely fresh catalyst",,2026-08-31,2026-09-01T23:14:44
INDGN.NS,India,5.65,0.94,"earnings, M&A, upgrade/downgrade",Indegene Ltd (NSE:INDGN) (Q1 2027) Earnings Call Highlights: Record Revenue Growth and ...,23,0.522,Mover (inconsistent),0/5 prior quarters same sign as current,"Directionally consistent but LOW confidence (Day 23, later window, SUE=0.52) - this stock's SUE history is inconsistent (mover, not stayer) -- per Kettell et al. 2022, movers show ~no significant drift",,2026-08-31,2026-09-01T23:14:44
OLAELEC.NS,India,5.49,1.63,"earnings, product/contract",Ola Electric Mobility Ltd (NSE:OLAELEC) (Q1 2027) Earnings Call Highlights: Deliveries Nearly ...,17,0.41,Mover (inconsistent),1/5 prior quarters same sign as current,"Directionally consistent but LOW confidence (Day 17, later window, SUE=0.41) - this stock's SUE history is inconsistent (mover, not stayer) -- per Kettell et al. 2022, movers show ~no significant drift",,2026-08-31,2026-09-01T23:14:44
GABRIEL.NS,India,5.14,1.84,product/contract,"SK Enmove, Gabriel India to form lubricants partnership",29,0.782,Mover (inconsistent),1/5 prior quarters same sign as current,"Directionally consistent but LOW confidence (Day 29, later window, SUE=0.78) - this stock's SUE history is inconsistent (mover, not stayer) -- per Kettell et al. 2022, movers show ~no significant drift",,2026-08-31,2026-09-01T23:14:44
MAPMYINDIA.NS,India,4.92,0.47,earnings,CE Info Systems Ltd (BOM:543425) (Q1 2027) Earnings Call Highlights: Revenue Up 14.9% to INR139. ...,19,0.845,Mover (inconsistent),2/5 prior quarters same sign as current,"Directionally consistent but LOW confidence (Day 19, later window, SUE=0.84) - this stock's SUE history is inconsistent (mover, not stayer) -- per Kettell et al. 2022, movers show ~no significant drift",,2026-08-31,2026-09-01T23:14:44
VIJAYA.NS,India,4.54,0.85,unclassified - check headlines manually,(no headline found),18,0.867,Stayer (persistent),3/5 prior quarters same sign as current,"Consistent with PEAD continuation, moderate confidence (Day 18, later window, SUE=0.87, persistent SUE history)",,2026-08-31,2026-09-01T23:14:44
INDHOTEL.NS,India,4.46,0.66,earnings,IHCL to establish seven new Ginger hotels,29,-0.355,Stayer (persistent),3/5 prior quarters same sign as current,"Contradicts SUE sign (Day 29, later window, SUE=-0.35) - likely fresh catalyst",,2026-08-31,2026-09-01T23:14:44
AUROPHARMA.NS,India,4.36,0.67,"earnings, product/contract",Aurobindo Pharma (NSEI:AUROPHARMA) Stock Sees Modest Fair Value Lift On Revised Assumptions,19,0.123,Mover (inconsistent),1/5 prior quarters same sign as current,"Directionally consistent but LOW confidence (Day 19, later window, SUE=0.12) - this stock's SUE history is inconsistent (mover, not stayer) -- per Kettell et al. 2022, movers show ~no significant drift",,2026-08-31,2026-09-01T23:14:44
APH,US,101.93,0.6,earnings,PANW Q4 Earnings Beat Estimates on Platformization Strength,24,3.703,Stayer (persistent),5/5 prior quarters same sign as current,"Consistent with PEAD continuation, moderate confidence (Day 24, later window, SUE=3.70, persistent SUE history)",,2026-09-02,2026-09-02T23:15:21
DELL,US,15.81,6.27,earnings,Tech stocks today: Snowflake stock soars on upbeat outlook as CEO touts AI 'flywheel',0,3.83,Stayer (persistent),4/5 prior quarters same sign as current,Day 0 earnings reaction (not drift yet),,2026-09-02,2026-09-02T23:15:21
RDDT,US,9.31,1.52,product/contract,Reddit Is One of Today’s Top S&P 500 Stocks. It Has a Lot to Do With Its Google Data Deal.,24,2.236,Stayer (persistent),5/5 prior quarters same sign as current,"Consistent with PEAD continuation, moderate confidence (Day 24, later window, SUE=2.24, persistent SUE history)",,2026-09-02,2026-09-02T23:15:21
CHTR,US,8.74,1.18,unclassified - check headlines manually,"Stocks making big moves yesterday: Myriad Genetics, Greenbrier, Tidewater, Strategy, and Charter",28,0.651,Mover (inconsistent),2/5 prior quarters same sign as current,"Directionally consistent but LOW confidence (Day 28, later window, SUE=0.65) - this stock's SUE history is inconsistent (mover, not stayer) -- per Kettell et al. 2022, movers show ~no significant drift",,2026-09-02,2026-09-02T23:15:21
SWKS,US,6.32,1.19,"earnings, M&A",What's the Real Fuel for Apple Stock's Next Climb?,25,0.194,Stayer (persistent),5/5 prior quarters same sign as current,"Consistent with PEAD continuation, moderate confidence (Day 25, later window, SUE=0.19, persistent SUE history)",,2026-09-02,2026-09-02T23:15:21
XYZ,US,5.88,1.33,"upgrade/downgrade, regulatory/legal",Sezzle Grows Merchant Network: Can New Brands Drive Wider Adoption?,19,1.0,Mover (inconsistent),1/5 prior quarters same sign as current,"Directionally consistent but LOW confidence (Day 19, later window, SUE=1.00) - this stock's SUE history is inconsistent (mover, not stayer) -- per Kettell et al. 2022, movers show ~no significant drift",,2026-09-02,2026-09-02T23:15:21
STLD,US,5.79,0.9,macro/sector,U.S. steel and materials stocks swing amid U.S.-Canada trade war,31,0.098,Stayer (persistent),3/5 prior quarters same sign as current,"In drift window (Day 31) - SUE near zero, ambiguous signal",,2026-09-02,2026-09-02T23:15:21
TTD,US,5.59,1.38,"earnings, product/contract",Hewlett Packard Enterprise Q3 Earnings Call Highlights,19,-1.121,Mover (inconsistent),1/5 prior quarters same sign as current,"Contradicts SUE sign (Day 19, later window, SUE=-1.12) - likely fresh catalyst",,2026-09-02,2026-09-02T23:15:21
BBY,US,5.29,1.53,earnings,Best Buy’s (BBY) Turnaround Gains Steam As Leadership Changes Hands,4,0.343,Stayer (persistent),5/5 prior quarters same sign as current,"Consistent with PEAD continuation, high confidence (Day 4, immediate window, SUE=0.34, persistent SUE history)",,2026-09-02,2026-09-02T23:15:21
NUE,US,4.78,0.8,unclassified - check headlines manually,Can Carpenter Technology Sustain Its Strong Cash Flow Growth in FY27?,26,0.969,Stayer (persistent),4/5 prior quarters same sign as current,"Consistent with PEAD continuation, moderate confidence (Day 26, later window, SUE=0.97, persistent SUE history)",,2026-09-02,2026-09-02T23:15:21
CAPLIPOINT.NS,India,7.7,1.3,earnings,Caplin Point Laboratories Ltd (BOM:524742) (Q1 2027) Earnings Call Highlights: US Injectable ...,1519,-0.475,Stayer (persistent),3/5 prior quarters same sign as current,Outside typical PEAD window (Day 1519),,2026-09-01,2026-09-02T23:15:21
ENGINERSIN.NS,India,6.94,0.74,"earnings, product/contract",Engineers India Ltd (BOM:532178) (Q1 2027) Earnings Call Highlights: Profit Surges 55% on ...,480,0.191,Stayer (persistent),3/5 prior quarters same sign as current,Outside typical PEAD window (Day 480),,2026-09-01,2026-09-02T23:15:21
WELCORP.NS,India,6.8,0.45,"earnings, macro/sector",India's Welspun Corp wins record $1.8 billion pipe supply order; shares jump,28,3.747,Stayer (persistent),4/5 prior quarters same sign as current,"Consistent with PEAD continuation, moderate confidence (Day 28, later window, SUE=3.75, persistent SUE history)",,2026-09-01,2026-09-02T23:15:21
VTL.NS,India,5.29,0.32,earnings,Vardhman Textiles Ltd (BOM:502986) Q3 2026 Earnings Call Highlights: Navigating Challenges with ...,24,-0.637,Stayer (persistent),4/5 prior quarters same sign as current,"Contradicts SUE sign (Day 24, later window, SUE=-0.64) - likely fresh catalyst",,2026-09-01,2026-09-02T23:15:21
JSL.NS,India,4.54,1.09,"earnings, product/contract",Jindal Stainless Ltd (BOM:532508) (Q1 2027) Earnings Call Highlights: Resilient Revenue Growth ...,21,0.043,Stayer (persistent),5/5 prior quarters same sign as current,"In drift window (Day 21) - SUE near zero, ambiguous signal",,2026-09-01,2026-09-02T23:15:21
CPPLUS.NS,India,4.51,0.81,unclassified - check headlines manually,(no headline found),14,1.207,Stayer (persistent),2/2 prior quarters same sign as current,"Consistent with PEAD continuation, moderate confidence (Day 14, later window, SUE=1.21, persistent SUE history)",,2026-09-01,2026-09-02T23:15:21
ITC.NS,India,4.34,0.91,unclassified - check headlines manually,British American Tobacco plans to offload stake in India's ITC Hotels,23,0.208,Stayer (persistent),4/5 prior quarters same sign as current,"Consistent with PEAD continuation, moderate confidence (Day 23, later window, SUE=0.21, persistent SUE history)",,2026-09-01,2026-09-02T23:15:21
GRAPHITE.NS,India,4.32,0.52,unclassified - check headlines manually,(no headline found),20,0.611,Mover (inconsistent),1/5 prior quarters same sign as current,"Directionally consistent but LOW confidence (Day 20, later window, SUE=0.61) - this stock's SUE history is inconsistent (mover, not stayer) -- per Kettell et al. 2022, movers show ~no significant drift",,2026-09-01,2026-09-02T23:15:21
EIHOTEL.NS,India,4.3,0.76,earnings,EIH Ltd (BOM:500840) Q4 2026 Earnings Call Highlights: Record EBITDA Amidst Challenges,738,-1.675,Stayer (persistent),3/5 prior quarters same sign as current,Outside typical PEAD window (Day 738),,2026-09-01,2026-09-02T23:15:21
ADANIGREEN.NS,India,4.12,1.47,"earnings, product/contract",Adani Green Energy Ltd (BOM:541450) Q1 2027 Earnings Call Highlights: Record Growth in Energy ...,30,-0.177,Stayer (persistent),5/5 prior quarters same sign as current,"Contradicts SUE sign (Day 30, later window, SUE=-0.18) - likely fresh catalyst",,2026-09-01,2026-09-02T23:15:21
HOOD,US,16.57,2.35,macro/sector,"Dow Jones Futures: Stocks Jump On Fed's Waller; Tesla Cybercab Event Private, Jobs Report Looms",25.0,1.118,Stayer (persistent),4/5 prior quarters same sign as current,"Consistent with PEAD continuation, moderate confidence (Day 25, later window, SUE=1.12, persistent SUE history)",,2026-09-03,2026-09-03T23:13:04
COIN,US,10.14,1.28,macro/sector,Coinbase files for SEC approval to offer equity perpetuals,24.0,-0.589,Stayer (persistent),3/5 prior quarters same sign as current,"Contradicts SUE sign (Day 24, later window, SUE=-0.59) - likely fresh catalyst",,2026-09-03,2026-09-03T23:13:04
PLTR,US,7.71,1.2,"macro/sector, product/contract","Palantir Technologies, Workiva, Elastic, RingCentral, and 8x8 Shares Skyrocket, What You Need To Know",21.0,2.607,Stayer (persistent),4/5 prior quarters same sign as current,"Consistent with PEAD continuation, moderate confidence (Day 21, later window, SUE=2.61, persistent SUE history)",,2026-09-03,2026-09-03T23:13:04
NOW,US,6.49,1.01,"earnings, macro/sector","Dow Jones Futures: Stocks Jump On Fed's Waller; Tesla Cybercab Event Private, Jobs Report Looms",30.0,1.335,Stayer (persistent),4/5 prior quarters same sign as current,"Consistent with PEAD continuation, moderate confidence (Day 30, later window, SUE=1.33, persistent SUE history)",,2026-09-03,2026-09-03T23:13:04
PFG,US,6.47,3.64,"earnings, M&A",PFG Acquires Beam Benefits to Accelerate Specialty Benefits Growth,26.0,0.913,Mover (inconsistent),2/5 prior quarters same sign as current,"Directionally consistent but LOW confidence (Day 26, later window, SUE=0.91) - this stock's SUE history is inconsistent (mover, not stayer) -- per Kettell et al. 2022, movers show ~no significant drift",,2026-09-03,2026-09-03T23:13:04
AXON,US,6.15,1.14,earnings,2 of Wall Street’s Favorite Stocks to Own for Decades and 1 That Underwhelm,20.0,0.147,Stayer (persistent),4/5 prior quarters same sign as current,"Consistent with PEAD continuation, moderate confidence (Day 20, later window, SUE=0.15, persistent SUE history)",,2026-09-03,2026-09-03T23:13:04
ORCL,US,5.69,1.27,unclassified - check headlines manually,"AI demand is 'exceptional,' but the supply chain is not: HPE CEO",60.0,1.128,Stayer (persistent),3/5 prior quarters same sign as current,"Consistent with PEAD continuation, moderate confidence (Day 60, later window, SUE=1.13, persistent SUE history)",,2026-09-03,2026-09-03T23:13:04
CRWD,US,5.68,0.91,macro/sector,Zscaler Makes Bid to Join the Ranks of AI Winners,5.0,1.563,Stayer (persistent),3/5 prior quarters same sign as current,"Consistent with PEAD continuation, high confidence (Day 5, immediate window, SUE=1.56, persistent SUE history)",,2026-09-03,2026-09-03T23:13:04
TSLA,US,5.42,1.61,"M&A, macro/sector","Tech stocks today: Tesla stock pops ahead of Cybercab event, Nvidia acquires Hugging Face",30.0,-1.884,Mover (inconsistent),2/5 prior quarters same sign as current,"Contradicts SUE sign (Day 30, later window, SUE=-1.88) - likely fresh catalyst",,2026-09-03,2026-09-03T23:13:04
HPE,US,5.04,3.62,unclassified - check headlines manually,HPE CEO on AI boom: 'Customers are buying everything',0.0,2.845,Stayer (persistent),5/5 prior quarters same sign as current,Day 0 earnings reaction (not drift yet),,2026-09-03,2026-09-03T23:13:04
IFCI.NS,India,12.67,1.81,unclassified - check headlines manually,(no headline found),2941.0,-2.19,Stayer (persistent),3/3 prior quarters same sign as current,Outside typical PEAD window (Day 2941),,2026-09-02,2026-09-03T23:13:04
NIACL.NS,India,7.18,1.04,earnings,The New India Assurance Co Ltd (NSE:NIACL) Q4 2026 Earnings Call Highlights: Strong Profit ...,2169.0,,Insufficient history,Fewer than 2 prior quarters with usable SUE data,Outside typical PEAD window (Day 2169),,2026-09-02,2026-09-03T23:13:04
AEGISVOPAK.NS,India,6.0,2.12,earnings,Aegis Vopak Terminals Ltd (NSE:AEGISVOPAK) (Q1 2027) Earnings Call Highlights: Robust Revenue ...,,,,,No recent earnings on record,,2026-09-02,2026-09-03T23:13:04
SAILIFE.NS,India,4.54,1.9,earnings,Sai Life Sciences Ltd (NSE:SAILIFE) (Q1 2027) Earnings Call Highlights: CRO Surge Drives 12% ...,19.0,-0.176,Mover (inconsistent),1/5 prior quarters same sign as current,"Contradicts SUE sign (Day 19, later window, SUE=-0.18) - likely fresh catalyst",,2026-09-02,2026-09-03T23:13:04
CLEAN.NS,India,4.36,1.82,earnings,Clean Science and Technology Ltd (BOM:543318) (Q1 2027) Earnings Call Highlights: Record Sales ...,23.0,2.347,Mover (inconsistent),2/5 prior quarters same sign as current,"Directionally consistent but LOW confidence (Day 23, later window, SUE=2.35) - this stock's SUE history is inconsistent (mover, not stayer) -- per Kettell et al. 2022, movers show ~no significant drift",,2026-09-02,2026-09-03T23:13:04
JSWENERGY.NS,India,4.21,0.75,earnings,JSW Energy Ltd (BOM:533148) Q1 2027 Earnings Call Highlights: Strategic Capacity Expansion and ...,30.0,0.857,Stayer (persistent),4/5 prior quarters same sign as current,"Consistent with PEAD continuation, moderate confidence (Day 30, later window, SUE=0.86, persistent SUE history)",,2026-09-02,2026-09-03T23:13:04
COALINDIA.NS,India,4.05,1.12,M&A,"Coal India plans Singapore trading hub in hunt for critical mineral assets, sources say",26.0,0.489,Stayer (persistent),4/5 prior quarters same sign as current,"Consistent with PEAD continuation, moderate confidence (Day 26, later window, SUE=0.49, persistent SUE history)",,2026-09-02,2026-09-03T23:13:04
REDINGTON.NS,India,3.89,1.38,earnings,Redington Ltd (BOM:532805) (Q1 FY2027) Earnings Call Highlights: Record Profit and Strong India ...,25.0,-0.133,Stayer (persistent),3/5 prior quarters same sign as current,"Contradicts SUE sign (Day 25, later window, SUE=-0.13) - likely fresh catalyst",,2026-09-02,2026-09-03T23:13:04
TATAPOWER.NS,India,3.84,0.8,earnings,"India's Tata Power evaluating three sites for nuclear projects, exec says",26.0,-0.603,Stayer (persistent),3/5 prior quarters same sign as current,"Contradicts SUE sign (Day 26, later window, SUE=-0.60) - likely fresh catalyst",,2026-09-02,2026-09-03T23:13:04
SAMMAANCAP.NS,India,3.51,1.14,"earnings, M&A",Sammaan Capital Ltd (BOM:535789) (Q1 2027) Earnings Call Highlights: AUM Growth and Strategic ...,469.0,-4.828,Stayer (persistent),3/5 prior quarters same sign as current,Outside typical PEAD window (Day 469),,2026-09-02,2026-09-03T23:13:04
